[
     {
          "pk": 1, 
          "model": "estacionamento.veiculoespecie", 
          "fields": {
               "descricao": "Carga"
          }
     }, 
     {
          "pk": 2, 
          "model": "estacionamento.veiculoespecie", 
          "fields": {
               "descricao": "Especial"
          }
     }, 
     {
          "pk": 3, 
          "model": "estacionamento.veiculoespecie", 
          "fields": {
               "descricao": "Misto"
          }
     }, 
     {
          "pk": 4, 
          "model": "estacionamento.veiculoespecie", 
          "fields": {
               "descricao": "Passageiro"
          }
     }, 
     {
          "pk": 5, 
          "model": "estacionamento.veiculoespecie", 
          "fields": {
               "descricao": "Tra\u00e7\u00e3o"
          }
     }, 
     {
          "pk": 1, 
          "model": "estacionamento.veiculotipo", 
          "fields": {
               "descricao": "Autom\u00f3vel"
          }
     }, 
     {
          "pk": 2, 
          "model": "estacionamento.veiculotipo", 
          "fields": {
               "descricao": "Caminh\u00e3o"
          }
     }, 
     {
          "pk": 3, 
          "model": "estacionamento.veiculotipo", 
          "fields": {
               "descricao": "Caminh\u00e3o-Trator"
          }
     }, 
     {
          "pk": 4, 
          "model": "estacionamento.veiculotipo", 
          "fields": {
               "descricao": "Caminhonete"
          }
     }, 
     {
          "pk": 5, 
          "model": "estacionamento.veiculotipo", 
          "fields": {
               "descricao": "Camioneta"
          }
     }, 
     {
          "pk": 6, 
          "model": "estacionamento.veiculotipo", 
          "fields": {
               "descricao": "Ciclomotor"
          }
     }, 
     {
          "pk": 7, 
          "model": "estacionamento.veiculotipo", 
          "fields": {
               "descricao": "Micro\u00f4nibus"
          }
     }, 
     {
          "pk": 8, 
          "model": "estacionamento.veiculotipo", 
          "fields": {
               "descricao": "Motocicleta"
          }
     }, 
     {
          "pk": 9, 
          "model": "estacionamento.veiculotipo", 
          "fields": {
               "descricao": "Motoneta"
          }
     }, 
     {
          "pk": 10, 
          "model": "estacionamento.veiculotipo", 
          "fields": {
               "descricao": "Motorcasa"
          }
     }, 
     {
          "pk": 11, 
          "model": "estacionamento.veiculotipo", 
          "fields": {
               "descricao": "\u00d4nibus"
          }
     }, 
     {
          "pk": 12, 
          "model": "estacionamento.veiculotipo", 
          "fields": {
               "descricao": "Quadriciclo"
          }
     }, 
     {
          "pk": 13, 
          "model": "estacionamento.veiculotipo", 
          "fields": {
               "descricao": "Reboque"
          }
     }, 
     {
          "pk": 14, 
          "model": "estacionamento.veiculotipo", 
          "fields": {
               "descricao": "Semi-reboque"
          }
     }, 
     {
          "pk": 15, 
          "model": "estacionamento.veiculotipo", 
          "fields": {
               "descricao": "Trator de esteiras"
          }
     }, 
     {
          "pk": 16, 
          "model": "estacionamento.veiculotipo", 
          "fields": {
               "descricao": "Trator de rodas"
          }
     }, 
     {
          "pk": 17, 
          "model": "estacionamento.veiculotipo", 
          "fields": {
               "descricao": "Trator misto"
          }
     }, 
     {
          "pk": 18, 
          "model": "estacionamento.veiculotipo", 
          "fields": {
               "descricao": "Triciclo"
          }
     }, 
     {
          "pk": 19, 
          "model": "estacionamento.veiculotipo", 
          "fields": {
               "descricao": "Utilit\u00e1rio"
          }
     }, 
     {
          "pk": 9, 
          "model": "estacionamento.veiculotipoespecie", 
          "fields": {
               "especie": 4, 
               "tipo": 1
          }
     }, 
     {
          "pk": 8, 
          "model": "estacionamento.veiculotipoespecie", 
          "fields": {
               "especie": 2, 
               "tipo": 1
          }
     }, 
     {
          "pk": 20, 
          "model": "estacionamento.veiculotipoespecie", 
          "fields": {
               "especie": 1, 
               "tipo": 2
          }
     }, 
     {
          "pk": 21, 
          "model": "estacionamento.veiculotipoespecie", 
          "fields": {
               "especie": 2, 
               "tipo": 2
          }
     }, 
     {
          "pk": 22, 
          "model": "estacionamento.veiculotipoespecie", 
          "fields": {
               "especie": 5, 
               "tipo": 3
          }
     }, 
     {
          "pk": 30, 
          "model": "estacionamento.veiculotipoespecie", 
          "fields": {
               "especie": 1, 
               "tipo": 4
          }
     }, 
     {
          "pk": 31, 
          "model": "estacionamento.veiculotipoespecie", 
          "fields": {
               "especie": 2, 
               "tipo": 4
          }
     }, 
     {
          "pk": 19, 
          "model": "estacionamento.veiculotipoespecie", 
          "fields": {
               "especie": 3, 
               "tipo": 5
          }
     }, 
     {
          "pk": 18, 
          "model": "estacionamento.veiculotipoespecie", 
          "fields": {
               "especie": 2, 
               "tipo": 5
          }
     }, 
     {
          "pk": 1, 
          "model": "estacionamento.veiculotipoespecie", 
          "fields": {
               "especie": 4, 
               "tipo": 6
          }
     }, 
     {
          "pk": 11, 
          "model": "estacionamento.veiculotipoespecie", 
          "fields": {
               "especie": 4, 
               "tipo": 7
          }
     }, 
     {
          "pk": 5, 
          "model": "estacionamento.veiculotipoespecie", 
          "fields": {
               "especie": 4, 
               "tipo": 8
          }
     }, 
     {
          "pk": 4, 
          "model": "estacionamento.veiculotipoespecie", 
          "fields": {
               "especie": 1, 
               "tipo": 8
          }
     }, 
     {
          "pk": 3, 
          "model": "estacionamento.veiculotipoespecie", 
          "fields": {
               "especie": 4, 
               "tipo": 9
          }
     }, 
     {
          "pk": 2, 
          "model": "estacionamento.veiculotipoespecie", 
          "fields": {
               "especie": 1, 
               "tipo": 9
          }
     }, 
     {
          "pk": 33, 
          "model": "estacionamento.veiculotipoespecie", 
          "fields": {
               "especie": 2, 
               "tipo": 10
          }
     }, 
     {
          "pk": 10, 
          "model": "estacionamento.veiculotipoespecie", 
          "fields": {
               "especie": 4, 
               "tipo": 11
          }
     }, 
     {
          "pk": 27, 
          "model": "estacionamento.veiculotipoespecie", 
          "fields": {
               "especie": 4, 
               "tipo": 12
          }
     }, 
     {
          "pk": 26, 
          "model": "estacionamento.veiculotipoespecie", 
          "fields": {
               "especie": 1, 
               "tipo": 12
          }
     }, 
     {
          "pk": 13, 
          "model": "estacionamento.veiculotipoespecie", 
          "fields": {
               "especie": 2, 
               "tipo": 13
          }
     }, 
     {
          "pk": 12, 
          "model": "estacionamento.veiculotipoespecie", 
          "fields": {
               "especie": 1, 
               "tipo": 13
          }
     }, 
     {
          "pk": 14, 
          "model": "estacionamento.veiculotipoespecie", 
          "fields": {
               "especie": 4, 
               "tipo": 13
          }
     }, 
     {
          "pk": 15, 
          "model": "estacionamento.veiculotipoespecie", 
          "fields": {
               "especie": 1, 
               "tipo": 14
          }
     }, 
     {
          "pk": 17, 
          "model": "estacionamento.veiculotipoespecie", 
          "fields": {
               "especie": 4, 
               "tipo": 14
          }
     }, 
     {
          "pk": 16, 
          "model": "estacionamento.veiculotipoespecie", 
          "fields": {
               "especie": 2, 
               "tipo": 14
          }
     }, 
     {
          "pk": 23, 
          "model": "estacionamento.veiculotipoespecie", 
          "fields": {
               "especie": 5, 
               "tipo": 15
          }
     }, 
     {
          "pk": 24, 
          "model": "estacionamento.veiculotipoespecie", 
          "fields": {
               "especie": 5, 
               "tipo": 16
          }
     }, 
     {
          "pk": 25, 
          "model": "estacionamento.veiculotipoespecie", 
          "fields": {
               "especie": 5, 
               "tipo": 17
          }
     }, 
     {
          "pk": 7, 
          "model": "estacionamento.veiculotipoespecie", 
          "fields": {
               "especie": 4, 
               "tipo": 18
          }
     }, 
     {
          "pk": 6, 
          "model": "estacionamento.veiculotipoespecie", 
          "fields": {
               "especie": 1, 
               "tipo": 18
          }
     }, 
     {
          "pk": 32, 
          "model": "estacionamento.veiculotipoespecie", 
          "fields": {
               "especie": 3, 
               "tipo": 19
          }
     }, 
     {
          "pk": 1, 
          "model": "estacionamento.veiculocombustivel", 
          "fields": {
               "nome": "Gasolina"
          }
     }, 
     {
          "pk": 4, 
          "model": "estacionamento.veiculocombustivel", 
          "fields": {
               "nome": "G\u00e1s Natural"
          }
     }, 
     {
          "pk": 3, 
          "model": "estacionamento.veiculocombustivel", 
          "fields": {
               "nome": "Diesel"
          }
     }, 
     {
          "pk": 2, 
          "model": "estacionamento.veiculocombustivel", 
          "fields": {
               "nome": "\u00c1lcool"
          }
     }
]
