[
  {
    "pk": 1,
    "model": "edu.nivelensino",
    "fields": {
      "descricao": "Fundamental"
    }
  },
  {
    "pk": 2,
    "model": "edu.nivelensino",
    "fields": {
      "descricao": "M\u00e9dio"
    }
  },
  {
    "pk": 3,
    "model": "edu.nivelensino",
    "fields": {
      "descricao": "Gradua\u00e7\u00e3o"
    }
  },
  {
    "pk": 4,
    "model": "edu.nivelensino",
    "fields": {
      "descricao": "P\u00f3s-gradua\u00e7\u00e3o"
    }
  },
  {
    "pk": 2,
    "model": "edu.modalidade",
    "fields": {
      "descricao": "Licenciatura",
      "nivel_ensino": 3
    }
  },
  {
    "pk": 4,
    "model": "edu.modalidade",
    "fields": {
      "descricao": "Engenharia",
      "nivel_ensino": 3
    }
  },
  {
    "pk": 19,
    "model": "edu.modalidade",
    "fields": {
      "descricao": "Bacharelado",
      "nivel_ensino": 3
    }
  },
  {
    "pk": 8,
    "model": "edu.modalidade",
    "fields": {
      "descricao": "FIC",
      "nivel_ensino": 1
    }
  },
  {
    "pk": 9,
    "model": "edu.modalidade",
    "fields": {
      "descricao": "Mestrado",
      "nivel_ensino": 4
    }
  },
  {
    "pk": 10,
    "model": "edu.modalidade",
    "fields": {
      "descricao": "Especializa\u00e7\u00e3o",
      "nivel_ensino": 4
    }
  },
  {
    "pk": 11,
    "model": "edu.modalidade",
    "fields": {
      "descricao": "T\u00e9cnico Integrado",
      "nivel_ensino": 2
    }
  },
  {
    "pk": 12,
    "model": "edu.modalidade",
    "fields": {
      "descricao": "T\u00e9cnico Integrado EJA",
      "nivel_ensino": 2
    }
  },
  {
    "pk": 13,
    "model": "edu.modalidade",
    "fields": {
      "descricao": "T\u00e9cnico Subsequente",
      "nivel_ensino": 2
    }
  },
  {
    "pk": 14,
    "model": "edu.modalidade",
    "fields": {
      "descricao": "Tecnologia",
      "nivel_ensino": 3
    }
  },
  {
    "pk": 15,
    "model": "edu.modalidade",
    "fields": {
      "descricao": "Aperfei\u00e7oamento",
      "nivel_ensino": 4
    }
  },
  {
    "pk": 16,
    "model": "edu.modalidade",
    "fields": {
      "descricao": "Doutorado",
      "nivel_ensino": 4
    }
  },
  {
    "pk": 17,
    "model": "edu.modalidade",
    "fields": {
      "descricao": "Proeja FIC Fundamental",
      "nivel_ensino": 1
    }
  },
  {
    "pk": 18,
    "model": "edu.modalidade",
    "fields": {
      "descricao": "T\u00e9cnico Concomitante",
      "nivel_ensino": 2
    }
  },
  {
    "pk": 1,
    "model": "edu.situacaomatricula",
    "fields": {
      "ativo": true,
      "codigo_academico": 0,
      "descricao": "Matriculado"
    }
  },
  {
    "pk": 2,
    "model": "edu.situacaomatricula",
    "fields": {
      "ativo": false,
      "codigo_academico": 2,
      "descricao": "Trancado"
    }
  },
  {
    "pk": 3,
    "model": "edu.situacaomatricula",
    "fields": {
      "ativo": false,
      "codigo_academico": 3,
      "descricao": "Jubilado"
    }
  },
  {
    "pk": 4,
    "model": "edu.situacaomatricula",
    "fields": {
      "ativo": false,
      "codigo_academico": 4,
      "descricao": "Transferido Interno"
    }
  },
  {
    "pk": 5,
    "model": "edu.situacaomatricula",
    "fields": {
      "ativo": true,
      "codigo_academico": 5,
      "descricao": "Concludente"
    }
  },
  {
    "pk": 6,
    "model": "edu.situacaomatricula",
    "fields": {
      "ativo": false,
      "codigo_academico": 6,
      "descricao": "Conclu\u00eddo"
    }
  },
  {
    "pk": 7,
    "model": "edu.situacaomatricula",
    "fields": {
      "ativo": false,
      "codigo_academico": 7,
      "descricao": "Falecido"
    }
  },
  {
    "pk": 8,
    "model": "edu.situacaomatricula",
    "fields": {
      "ativo": false,
      "codigo_academico": 8,
      "descricao": "Afastado"
    }
  },
  {
    "pk": 9,
    "model": "edu.situacaomatricula",
    "fields": {
      "ativo": false,
      "codigo_academico": 9,
      "descricao": "Evas\u00e3o"
    }
  },
  {
    "pk": 10,
    "model": "edu.situacaomatricula",
    "fields": {
      "ativo": false,
      "codigo_academico": 10,
      "descricao": "Cancelado"
    }
  },
  {
    "pk": 11,
    "model": "edu.situacaomatricula",
    "fields": {
      "ativo": false,
      "codigo_academico": 11,
      "descricao": "Transferido Externo"
    }
  },
  {
    "pk": 12,
    "model": "edu.situacaomatricula",
    "fields": {
      "ativo": true,
      "codigo_academico": 12,
      "descricao": "Estagiario (Concludente)"
    }
  },
  {
    "pk": 13,
    "model": "edu.situacaomatricula",
    "fields": {
      "ativo": false,
      "codigo_academico": 13,
      "descricao": "Aguardando Cola\u00e7\u00e3o de Grau"
    }
  },
  {
    "pk": 14,
    "model": "edu.situacaomatricula",
    "fields": {
      "ativo": false,
      "codigo_academico": 15,
      "descricao": "Certificado ENEM"
    }
  },
  {
    "pk": 15,
    "model": "edu.situacaomatricula",
    "fields": {
      "ativo": false,
      "codigo_academico": 16,
      "descricao": "Aguardando Semin\u00e1rio"
    }
  },
  {
    "pk": 16,
    "model": "edu.situacaomatricula",
    "fields": {
      "ativo": false,
      "codigo_academico": 19,
      "descricao": "Aguardando ENADE"
    }
  },
  {
    "pk": 17,
    "model": "edu.situacaomatricula",
    "fields": {
      "ativo": false,
      "codigo_academico": 14,
      "descricao": "Interc\u00e2mbio"
    }
  },
  {
    "pk": 18,
    "model": "edu.situacaomatricula",
    "fields": {
      "ativo": false,
      "codigo_academico": 17,
      "descricao": "Egresso"
    }
  },
  {
    "pk": 19,
    "model": "edu.situacaomatricula",
    "fields": {
      "ativo": false,
      "codigo_academico": 18,
      "descricao": "Formado"
    }
  },
  {
    "pk": 20,
    "model": "edu.situacaomatricula",
    "fields": {
      "ativo": false,
      "codigo_academico": 20,
      "descricao": "Cancelamento Compuls\u00f3rio"
    }
  },
  {
    "pk": 21,
    "model": "edu.situacaomatricula",
    "fields": {
      "ativo": true,
      "codigo_academico": 21,
      "descricao": "Matr\u00edcula V\u00ednculo Institucional"
    }
  },
  {
    "pk": 97,
    "model": "edu.situacaomatricula",
    "fields": {
      "ativo": false,
      "codigo_academico": null,
      "descricao": "Cancelamento por Desligamento"
    }
  },
  {
    "pk": 98,
    "model": "edu.situacaomatricula",
    "fields": {
      "ativo": false,
      "codigo_academico": null,
      "descricao": "Cancelamento por Duplicidade"
    }
  },
  {
    "pk": 99,
    "model": "edu.situacaomatricula",
    "fields": {
      "ativo": false,
      "codigo_academico": null,
      "descricao": "Trancado Voluntariamente"
    }
  },
  {
    "pk": 100,
    "model": "edu.situacaomatricula",
    "fields": {
      "ativo": false,
      "codigo_academico": null,
      "descricao": "N\u00e3o conclu\u00eddo"
    }
  },
  {
    "pk": 98,
    "model": "edu.situacaomatricula",
    "fields": {
      "ativo": false,
      "codigo_academico": null,
      "descricao": "Cancelamento por Duplicidade"
    }
  },
  {
    "pk": 1,
    "model": "edu.situacaomatriculaperiodo",
    "fields": {
      "codigo_academico": 0,
      "descricao": "Em Aberto"
    }
  },
  {
    "pk": 2,
    "model": "edu.situacaomatriculaperiodo",
    "fields": {
      "codigo_academico": 1,
      "descricao": "Matriculado"
    }
  },
  {
    "pk": 3,
    "model": "edu.situacaomatriculaperiodo",
    "fields": {
      "codigo_academico": 2,
      "descricao": "Trancada"
    }
  },
  {
    "pk": 4,
    "model": "edu.situacaomatriculaperiodo",
    "fields": {
      "codigo_academico": 3,
      "descricao": "Cancelada"
    }
  },
  {
    "pk": 5,
    "model": "edu.situacaomatriculaperiodo",
    "fields": {
      "codigo_academico": 4,
      "descricao": "Afastado"
    }
  },
  {
    "pk": 6,
    "model": "edu.situacaomatriculaperiodo",
    "fields": {
      "codigo_academico": 5,
      "descricao": "Transf. Externa"
    }
  },
  {
    "pk": 7,
    "model": "edu.situacaomatriculaperiodo",
    "fields": {
      "codigo_academico": 6,
      "descricao": "Transf. Institui\u00e7\u00e3o"
    }
  },
  {
    "pk": 8,
    "model": "edu.situacaomatriculaperiodo",
    "fields": {
      "codigo_academico": 7,
      "descricao": "Transf. Turno"
    }
  },
  {
    "pk": 9,
    "model": "edu.situacaomatriculaperiodo",
    "fields": {
      "codigo_academico": 8,
      "descricao": "Transf. Curso"
    }
  },
  {
    "pk": 10,
    "model": "edu.situacaomatriculaperiodo",
    "fields": {
      "codigo_academico": 9,
      "descricao": "Depend\u00eancia"
    }
  },
  {
    "pk": 11,
    "model": "edu.situacaomatriculaperiodo",
    "fields": {
      "codigo_academico": 10,
      "descricao": "Aprovado"
    }
  },
  {
    "pk": 12,
    "model": "edu.situacaomatriculaperiodo",
    "fields": {
      "codigo_academico": 11,
      "descricao": "Reprovado"
    }
  },
  {
    "pk": 13,
    "model": "edu.situacaomatriculaperiodo",
    "fields": {
      "codigo_academico": 12,
      "descricao": "Vindo de Transfer\u00eancia"
    }
  },
  {
    "pk": 14,
    "model": "edu.situacaomatriculaperiodo",
    "fields": {
      "codigo_academico": 13,
      "descricao": "Jubilado"
    }
  },
  {
    "pk": 15,
    "model": "edu.situacaomatriculaperiodo",
    "fields": {
      "codigo_academico": 14,
      "descricao": "Evas\u00e3o"
    }
  },
  {
    "pk": 16,
    "model": "edu.situacaomatriculaperiodo",
    "fields": {
      "codigo_academico": 15,
      "descricao": "Rep. Falta"
    }
  },
  {
    "pk": 17,
    "model": "edu.situacaomatriculaperiodo",
    "fields": {
      "codigo_academico": 18,
      "descricao": "Est\u00e1gio e/ou Monografia"
    }
  },
  {
    "pk": 18,
    "model": "edu.situacaomatriculaperiodo",
    "fields": {
      "codigo_academico": 19,
      "descricao": "Per\u00edodo Fechado"
    }
  },
  {
    "pk": 19,
    "model": "edu.situacaomatriculaperiodo",
    "fields": {
      "codigo_academico": 20,
      "descricao": "Fechado c/ Pend\u00eancia"
    }
  },
  {
    "pk": 20,
    "model": "edu.situacaomatriculaperiodo",
    "fields": {
      "codigo_academico": 21,
      "descricao": "Aproveit. M\u00f3dulo"
    }
  },
  {
    "pk": 21,
    "model": "edu.situacaomatriculaperiodo",
    "fields": {
      "codigo_academico": 23,
      "descricao": "Matr\u00edcula V\u00ednculo Institucional"
    }
  },
  {
    "pk": 22,
    "model": "edu.situacaomatriculaperiodo",
    "fields": {
      "codigo_academico": 24,
      "descricao": "Certificado ENEM"
    }
  },
  {
    "pk": 23,
    "model": "edu.situacaomatriculaperiodo",
    "fields": {
      "codigo_academico": 25,
      "descricao": "Cancelamento Compuls\u00f3rio"
    }
  },
  {
    "pk": 24,
    "model": "edu.situacaomatriculaperiodo",
    "fields": {
      "codigo_academico": 22,
      "descricao": "Interc\u00e2mbio"
    }
  },
  {
    "pk": 97,
    "model": "edu.situacaomatriculaperiodo",
    "fields": {
      "codigo_academico": null,
      "descricao": "Cancelamento por Desligamento"
    }
  },
  {
    "pk": 98,
    "model": "edu.situacaomatriculaperiodo",
    "fields": {
      "codigo_academico": null,
      "descricao": "Cancelamento por Duplicidade"
    }
  },
  {
    "pk": 99,
    "model": "edu.situacaomatriculaperiodo",
    "fields": {
      "codigo_academico": null,
      "descricao": "Trancado Voluntariamente"
    }
  },
  {
    "pk": 1,
    "model": "edu.configuracaoavaliacao",
    "fields": {
      "menor_nota": false,
      "maior_nota": false,
      "forma_calculo": 2,
      "divisor": null
    }
  },
  {
    "pk": 1,
    "model": "edu.itemconfiguracaoavaliacao",
    "fields": {
      "peso": null,
      "sigla": "A1",
      "nota_maxima": 100,
      "tipo": 4,
      "configuracao_avaliacao": 1
    }
  }
]
