[
  {
    "pk": 1,
    "model": "edu.formaingresso",
    "fields": {
      "descricao": "Processo Seletivo"
    }
  },
  {
    "pk": 1,
    "model": "edu.naturezaparticipacao",
    "fields": {
      "descricao": "Presencial"
    }
  },
  {
    "pk": 2,
    "model": "edu.naturezaparticipacao",
    "fields": {
      "descricao": "Semipresencial"
    }
  },
  {
    "pk": 3,
    "model": "edu.naturezaparticipacao",
    "fields": {
      "descricao": "EaD"
    }
  },
  {
    "pk": 1,
    "model": "edu.turno",
    "fields": {
      "descricao": "Manh\u00e3"
    }
  },
  {
    "pk": 3,
    "model": "edu.turno",
    "fields": {
      "descricao": "Noite"
    }
  },
  {
    "pk": 2,
    "model": "edu.turno",
    "fields": {
      "descricao": "Tarde"
    }
  },
  {
    "pk": 1,
    "model": "edu.situacaomatricula",
    "fields": {
      "descricao": "Matriculado"
    }
  },
  {
    "pk": 1,
    "model": "edu.situacaomatriculaperiodo",
    "fields": {
      "descricao": "Matriculado"
    }
  },
  {
    "pk": 3,
    "model": "edu.situacaomatriculaperiodo",
    "fields": {
      "descricao": "Reprovado"
    }
  },
  {
    "pk": 4,
    "model": "edu.situacaomatriculaperiodo",
    "fields": {
      "descricao": "Reprovado por Falta"
    }
  },
  {
    "pk": 2,
    "model": "edu.situacaomatriculaperiodo",
    "fields": {
      "descricao": "Aprovado"
    }
  },
  {
    "pk": 1,
    "model": "edu.horariocampus",
    "fields": {
      "uo": 1,
      "descricao": "Hor\u00e1rio Padr\u00e3o"
    }
  },
  {
    "pk": 2,
    "model": "edu.horarioaula",
    "fields": {
      "horario_campus": 1,
      "termino": "09:00",
      "turno": 1,
      "numero": 2,
      "inicio": "08:00"
    }
  },
  {
    "pk": 6,
    "model": "edu.horarioaula",
    "fields": {
      "horario_campus": 1,
      "termino": "14:00",
      "turno": 2,
      "numero": 1,
      "inicio": "13:00"
    }
  },
  {
    "pk": 7,
    "model": "edu.horarioaula",
    "fields": {
      "horario_campus": 1,
      "termino": "15:00",
      "turno": 2,
      "numero": 2,
      "inicio": "14:00"
    }
  },
  {
    "pk": 8,
    "model": "edu.horarioaula",
    "fields": {
      "horario_campus": 1,
      "termino": "16:00",
      "turno": 2,
      "numero": 3,
      "inicio": "15:00"
    }
  },
  {
    "pk": 9,
    "model": "edu.horarioaula",
    "fields": {
      "horario_campus": 1,
      "termino": "17:00",
      "turno": 2,
      "numero": 4,
      "inicio": "16:00"
    }
  },
  {
    "pk": 10,
    "model": "edu.horarioaula",
    "fields": {
      "horario_campus": 1,
      "termino": "18:00",
      "turno": 2,
      "numero": 5,
      "inicio": "17:00"
    }
  },
  {
    "pk": 11,
    "model": "edu.horarioaula",
    "fields": {
      "horario_campus": 1,
      "termino": "19:00",
      "turno": 2,
      "numero": 6,
      "inicio": "18:00"
    }
  },
  {
    "pk": 12,
    "model": "edu.horarioaula",
    "fields": {
      "horario_campus": 1,
      "termino": "20:00",
      "turno": 3,
      "numero": 1,
      "inicio": "19:00"
    }
  },
  {
    "pk": 13,
    "model": "edu.horarioaula",
    "fields": {
      "horario_campus": 1,
      "termino": "21:00",
      "turno": 3,
      "numero": 2,
      "inicio": "20:00"
    }
  },
  {
    "pk": 3,
    "model": "edu.horarioaula",
    "fields": {
      "horario_campus": 1,
      "termino": "10:00",
      "turno": 1,
      "numero": 3,
      "inicio": "09:00"
    }
  },
  {
    "pk": 4,
    "model": "edu.horarioaula",
    "fields": {
      "horario_campus": 1,
      "termino": "11:00",
      "turno": 1,
      "numero": 4,
      "inicio": "10:00"
    }
  },
  {
    "pk": 5,
    "model": "edu.horarioaula",
    "fields": {
      "horario_campus": 1,
      "termino": "12:00",
      "turno": 1,
      "numero": 5,
      "inicio": "11:00"
    }
  },
  {
    "pk": 1,
    "model": "edu.horarioaula",
    "fields": {
      "horario_campus": 1,
      "termino": "08:00",
      "turno": 1,
      "numero": 1,
      "inicio": "07:00"
    }
  },
  {
    "pk": 168,
    "model": "edu.horarioauladiario",
    "fields": {
      "diario": 154,
      "horario_aula": 1,
      "dia_semana": 1
    }
  },
  {
    "pk": 169,
    "model": "edu.horarioauladiario",
    "fields": {
      "diario": 154,
      "horario_aula": 1,
      "dia_semana": 3
    }
  },
  {
    "pk": 170,
    "model": "edu.horarioauladiario",
    "fields": {
      "diario": 154,
      "horario_aula": 2,
      "dia_semana": 1
    }
  },
  {
    "pk": 171,
    "model": "edu.horarioauladiario",
    "fields": {
      "diario": 154,
      "horario_aula": 2,
      "dia_semana": 3
    }
  },
  {
    "pk": 172,
    "model": "edu.horarioauladiario",
    "fields": {
      "diario": 154,
      "horario_aula": 3,
      "dia_semana": 1
    }
  },
  {
    "pk": 173,
    "model": "edu.horarioauladiario",
    "fields": {
      "diario": 154,
      "horario_aula": 3,
      "dia_semana": 3
    }
  },
  {
    "pk": 145,
    "model": "edu.horarioauladiario",
    "fields": {
      "diario": 134,
      "horario_aula": 1,
      "dia_semana": 2
    }
  },
  {
    "pk": 146,
    "model": "edu.horarioauladiario",
    "fields": {
      "diario": 134,
      "horario_aula": 1,
      "dia_semana": 4
    }
  },
  {
    "pk": 147,
    "model": "edu.horarioauladiario",
    "fields": {
      "diario": 134,
      "horario_aula": 2,
      "dia_semana": 2
    }
  },
  {
    "pk": 148,
    "model": "edu.horarioauladiario",
    "fields": {
      "diario": 134,
      "horario_aula": 2,
      "dia_semana": 4
    }
  },
  {
    "pk": 149,
    "model": "edu.horarioauladiario",
    "fields": {
      "diario": 134,
      "horario_aula": 3,
      "dia_semana": 2
    }
  },
  {
    "pk": 150,
    "model": "edu.horarioauladiario",
    "fields": {
      "diario": 134,
      "horario_aula": 3,
      "dia_semana": 4
    }
  },
  {
    "pk": 1,
    "model": "edu.periodicidade",
    "fields": {
      "descricao": "Anual"
    }
  },
  {
    "pk": 2,
    "model": "edu.periodicidade",
    "fields": {
      "descricao": "Semestral"
    }
  },
  {
    "pk": 3,
    "model": "edu.periodicidade",
    "fields": {
      "descricao": "Tempor\u00e1rio"
    }
  },
  {
    "pk": 1,
    "model": "edu.nivelensino",
    "fields": {
      "descricao": "Fundamental"
    }
  },
  {
    "pk": 2,
    "model": "edu.nivelensino",
    "fields": {
      "descricao": "M\u00e9dio"
    }
  },
  {
    "pk": 3,
    "model": "edu.nivelensino",
    "fields": {
      "descricao": "Gradua\u00e7\u00e3o"
    }
  },
  {
    "pk": 4,
    "model": "edu.nivelensino",
    "fields": {
      "descricao": "P\u00f3s-gradua\u00e7\u00e3o"
    }
  },
  {
    "pk": 1,
    "model": "edu.modalidade",
    "fields": {
      "descricao": "Integrado"
    }
  },
  {
    "pk": 2,
    "model": "edu.modalidade",
    "fields": {
      "descricao": "Integrado EJA"
    }
  },
  {
    "pk": 3,
    "model": "edu.modalidade",
    "fields": {
      "descricao": "Subsequente"
    }
  },
  {
    "pk": 4,
    "model": "edu.modalidade",
    "fields": {
      "descricao": "Tecnologia"
    }
  },
  {
    "pk": 5,
    "model": "edu.modalidade",
    "fields": {
      "descricao": "Engenharia"
    }
  },
  {
    "pk": 6,
    "model": "edu.modalidade",
    "fields": {
      "descricao": "Especializa\u00e7\u00e3o"
    }
  },
  {
    "pk": 7,
    "model": "edu.modalidade",
    "fields": {
      "descricao": "Aperfei\u00e7oamento"
    }
  },
  {
    "pk": 8,
    "model": "edu.modalidade",
    "fields": {
      "descricao": "PROEJA FIC"
    }
  },
  {
    "pk": 9,
    "model": "edu.modalidade",
    "fields": {
      "descricao": "PROEJA FIC Fundamental"
    }
  },
  {
    "pk": 10,
    "model": "edu.modalidade",
    "fields": {
      "descricao": "Outros FIC"
    }
  },
  {
    "pk": 2,
    "model": "edu.estruturacurso",
    "fields": {
      "periodicidade": 2,
      "qtd_minima_disciplinas": 1,
      "limite_reprovacao": null,
      "media_aprovacao_sem_prova_final": 8,
      "criterio_avaliacao": 1,
      "media_evitar_reprovacao_direta": 8,
      "descricao": "Estrutura B",
      "qtd_periodos_conclusao": 8,
      "percentual_frequencia": 8,
      "ira": 1,
      "ativo": true,
      "media_aprovacao_avaliacao_final": 5,
      "tipo_avaliacao": 1
    }
  },
  {
    "pk": 1,
    "model": "edu.estruturacurso",
    "fields": {
      "periodicidade": 1,
      "qtd_minima_disciplinas": null,
      "limite_reprovacao": null,
      "media_aprovacao_sem_prova_final": 7,
      "criterio_avaliacao": 1,
      "media_evitar_reprovacao_direta": 2,
      "descricao": "Estrutura A",
      "qtd_periodos_conclusao": 8,
      "percentual_frequencia": 80,
      "ira": 1,
      "ativo": true,
      "media_aprovacao_avaliacao_final": 5,
      "tipo_avaliacao": 3
    }
  },
  {
    "pk": 1,
    "model": "edu.diretoria",
    "fields": {
      "setor": 769
    }
  },
  {
    "pk": 1,
    "model": "edu.nucleo",
    "fields": {
      "descricao": "N\u00facleo A"
    }
  },
  {
    "pk": 1,
    "model": "edu.curso",
    "fields": {
      "natureza_participacao": 1,
      "resolucao_criacao": "",
      "data_fim": null,
      "periodo_letivo": 1,
      "data_inicio": "2013-03-11",
      "ano_letivo": 5,
      "periodicidade": 2,
      "resolucao_data": null,
      "exige_enade": false,
      "descricao_historico": "Curso A",
      "estrutura": 1,
      "turno": 1,
      "modalidade": 8,
      "convenio": null,
      "codigo": "158155",
      "ativo": true,
      "exige_colacao_grau": false,
      "descricao": "Curso A",
      "nivel_ensino": 3
    }
  },
  {
    "pk": 3,
    "model": "edu.cursocampus",
    "fields": {
      "curso": 1,
      "search_field": "CURSO A MATRIZ A CNAT",
      "diretoria": 1,
      "matriz": 1
    }
  },
  {
    "pk": 4,
    "model": "edu.componente",
    "fields": {
      "ch_hora_relogio": 5,
      "ch_qtd_creditos": 5,
      "ch_hora_aula": 5,
      "descricao_historico": "C\u00e1lculo I",
      "descricao": "C\u00e1lculo I",
      "sigla": "CAI",
      "ativo": true,
      "diretoria": 1,
      "nivel_ensino": 4
    }
  },
  {
    "pk": 5,
    "model": "edu.componente",
    "fields": {
      "ch_hora_relogio": 10,
      "ch_qtd_creditos": 10,
      "ch_hora_aula": 10,
      "descricao_historico": "Desenho T\u00e9cnico",
      "descricao": "Desenho T\u00e9cnico",
      "sigla": "DTEC",
      "ativo": true,
      "diretoria": 1,
      "nivel_ensino": 3
    }
  },
  {
    "pk": 7,
    "model": "edu.componente",
    "fields": {
      "ch_hora_relogio": 10,
      "ch_qtd_creditos": 10,
      "ch_hora_aula": 10,
      "descricao_historico": "Ingl\u00eas",
      "descricao": "Ingl\u00eas",
      "sigla": "ING",
      "ativo": true,
      "diretoria": 1,
      "nivel_ensino": 3
    }
  },
  {
    "pk": 2,
    "model": "edu.componente",
    "fields": {
      "ch_hora_relogio": 20,
      "ch_qtd_creditos": 20,
      "ch_hora_aula": 20,
      "descricao_historico": "Programa\u00e7\u00e3o 2",
      "descricao": "Programa\u00e7\u00e3o 2",
      "sigla": "PII",
      "ativo": true,
      "diretoria": 1,
      "nivel_ensino": 3
    }
  },
  {
    "pk": 1,
    "model": "edu.componente",
    "fields": {
      "ch_hora_relogio": 10,
      "ch_qtd_creditos": 10,
      "ch_hora_aula": 10,
      "descricao_historico": "Estrutura de Dados",
      "descricao": "Estrutura de Dados - 2012 em diante",
      "sigla": "ED",
      "ativo": true,
      "diretoria": 1,
      "nivel_ensino": 3
    }
  },
  {
    "pk": 6,
    "model": "edu.componente",
    "fields": {
      "ch_hora_relogio": 10,
      "ch_qtd_creditos": 10,
      "ch_hora_aula": 10,
      "descricao_historico": "Lingua Portuguesa e Literatura",
      "descricao": "Lingua Portuguesa e Literatura",
      "sigla": "LPL",
      "ativo": true,
      "diretoria": 1,
      "nivel_ensino": 3
    }
  },
  {
    "pk": 8,
    "model": "edu.componente",
    "fields": {
      "ch_hora_relogio": 10,
      "ch_qtd_creditos": 10,
      "ch_hora_aula": 10,
      "descricao_historico": "Semin\u00e1rio de Inicia\u00e7\u00e3o a Pesquisa",
      "descricao": "Semin\u00e1rio de Inicia\u00e7\u00e3o a Pesquisa",
      "sigla": "SIP",
      "ativo": true,
      "diretoria": 1,
      "nivel_ensino": 3
    }
  },
  {
    "pk": 1,
    "model": "edu.matriz",
    "fields": {
      "ch_componentes_obrigatorios": 100,
      "data_fim": null,
      "ano_criacao": 5,
      "periodo_criacao": 1,
      "qtd_periodos_letivos": 6,
      "ch_componentes_optativos": 100,
      "resolucao_data": null,
      "ch_atividades_complementares": 0,
      "ch_pratica_profissional": 0,
      "ch_componentes_eletivos": 100,
      "ppp": "",
      "data_inicio": "2013-03-07",
      "ch_seminarios": 0,
      "resolucao_criacao": "",
      "ativo": true,
      "descricao": "Matriz A"
    }
  },
  {
    "pk": 2,
    "model": "edu.matriz",
    "fields": {
      "ch_componentes_obrigatorios": 100,
      "data_fim": null,
      "ano_criacao": 5,
      "periodo_criacao": 1,
      "qtd_periodos_letivos": 5,
      "ch_componentes_optativos": 100,
      "resolucao_data": null,
      "ch_atividades_complementares": 0,
      "ch_pratica_profissional": 0,
      "ch_componentes_eletivos": 100,
      "ppp": "",
      "data_inicio": "2013-03-01",
      "ch_seminarios": 0,
      "resolucao_criacao": "",
      "ativo": true,
      "descricao": "Matriz B"
    }
  },
  {
    "pk": 1,
    "model": "edu.componentecurricular",
    "fields": {
      "componente": 1,
      "ch_presencial": 5,
      "periodo_letivo": 1,
      "tipo": 1,
      "matriz": 1,
      "qtd_avaliacoes": 2,
      "optativo": false,
      "ch_pratica": 5,
      "nucleo": 1
    }
  },
  {
    "pk": 6,
    "model": "edu.componentecurricular",
    "fields": {
      "componente": 6,
      "ch_presencial": 10,
      "periodo_letivo": 1,
      "tipo": 1,
      "matriz": 1,
      "qtd_avaliacoes": 4,
      "optativo": true,
      "ch_pratica": 0,
      "nucleo": 1
    }
  },
  {
    "pk": 8,
    "model": "edu.componentecurricular",
    "fields": {
      "componente": 7,
      "ch_presencial": 10,
      "periodo_letivo": 2,
      "tipo": 1,
      "matriz": 1,
      "qtd_avaliacoes": 4,
      "optativo": false,
      "ch_pratica": 0,
      "nucleo": 1
    }
  },
  {
    "pk": 3,
    "model": "edu.componentecurricular",
    "fields": {
      "componente": 4,
      "ch_presencial": 5,
      "periodo_letivo": 2,
      "tipo": 1,
      "matriz": 1,
      "qtd_avaliacoes": 1,
      "optativo": true,
      "ch_pratica": 0,
      "nucleo": 1
    }
  },
  {
    "pk": 7,
    "model": "edu.componentecurricular",
    "fields": {
      "componente": 5,
      "ch_presencial": 10,
      "periodo_letivo": 3,
      "tipo": 1,
      "matriz": 1,
      "qtd_avaliacoes": 0,
      "optativo": false,
      "ch_pratica": 0,
      "nucleo": 1
    }
  },
  {
    "pk": 5,
    "model": "edu.componentecurricular",
    "fields": {
      "componente": 8,
      "ch_presencial": 10,
      "periodo_letivo": 4,
      "tipo": 1,
      "matriz": 1,
      "qtd_avaliacoes": 4,
      "optativo": false,
      "ch_pratica": 0,
      "nucleo": 1
    }
  },
  {
    "pk": 9,
    "model": "edu.componentecurricular",
    "fields": {
      "componente": 6,
      "ch_presencial": 5,
      "periodo_letivo": 1,
      "tipo": 1,
      "matriz": 2,
      "qtd_avaliacoes": 1,
      "optativo": false,
      "ch_pratica": 5,
      "nucleo": 1
    }
  },
  {
    "pk": 4,
    "model": "edu.componentecurricular",
    "fields": {
      "componente": 2,
      "ch_presencial": 10,
      "periodo_letivo": 1,
      "tipo": 1,
      "matriz": 2,
      "qtd_avaliacoes": 0,
      "optativo": false,
      "ch_pratica": 10,
      "nucleo": 1
    }
  },
  {
    "pk": 4,
    "model": "edu.calendarioacademico",
    "fields": {
      "data_inicio_etapa_4": "2013-09-01",
      "data_fim_etapa_3": "2013-08-31",
      "tipo": 1,
      "periodo_letivo": 1,
      "data_inicio_etapa_3": "2013-07-01",
      "ano_letivo": 5,
      "data_fim_etapa_4": "2013-12-30",
      "data_fim_etapa_1": "2013-03-31",
      "data_fim_etapa_2": "2013-05-31",
      "nome_etapa_3": "3 Bimestre",
      "data_fechamento_periodo": "2013-12-31",
      "uo": 8,
      "data_inicio_etapa_2": "2013-04-01",
      "data_inicio": "2013-01-01",
      "qtd_etapas": 4,
      "nome_etapa_4": "4 Bimestre",
      "nome_etapa_1": "1 Bimestre",
      "nome_etapa_2": "2 Bimestre",
      "data_inicio_etapa_1": "2013-01-01",
      "descricao": "Calend\u00e1rio Anual 2013",
      "data_fim": "2013-12-30"
    }
  },
  {
    "pk": 2,
    "model": "edu.calendarioacademico",
    "fields": {
      "data_inicio_etapa_4": null,
      "data_fim_etapa_3": null,
      "tipo": 1,
      "periodo_letivo": 1,
      "data_inicio_etapa_3": null,
      "ano_letivo": 5,
      "data_fim_etapa_4": null,
      "data_fim_etapa_1": "2013-03-31",
      "data_fim_etapa_2": "2013-06-30",
      "nome_etapa_3": "",
      "data_fechamento_periodo": "2013-07-02",
      "uo": 1,
      "data_inicio_etapa_2": "2013-04-01",
      "data_inicio": "2013-03-01",
      "qtd_etapas": 2,
      "nome_etapa_4": "",
      "nome_etapa_1": "1 Bimestre",
      "nome_etapa_2": "2 Bimestre",
      "data_inicio_etapa_1": "2013-03-01",
      "descricao": "Calend\u00e1rio 1",
      "data_fim": "2013-06-30"
    }
  },
  {
    "pk": 15,
    "model": "edu.turma",
    "fields": {
      "periodo_letivo": 1,
      "ano_letivo": 5,
      "periodo_matriz": 1,
      "sequencial": 1,
      "turno": 1,
      "curso_campus": 3,
      "codigo": "20131.1.158155.1M",
      "descricao": "Curso A, PROEJA FIC, 1. Per\u00edodo, Turno Manh\u00e3 (2013)"
    }
  },
  {
    "pk": 83,
    "model": "edu.turma",
    "fields": {
      "periodo_letivo": 1,
      "ano_letivo": 5,
      "periodo_matriz": 1,
      "sequencial": 1,
      "turno": 3,
      "curso_campus": 3,
      "codigo": "20131.1.158155.1N",
      "descricao": "Curso A, PROEJA FIC, 1. Per\u00edodo, Turno Noite (2013)"
    }
  },
  {
    "pk": 134,
    "model": "edu.diario",
    "fields": {
      "calendario_academico": 2,
      "local_aula": 237,
      "componente_curricular": 6,
      "periodo_letivo": 1,
      "ano_letivo": 5,
      "posse_etapa_3": 0,
      "turma": 83,
      "percentual_minimo_ch": 90,
      "quantidade_vagas": 10,
      "posse_etapa_4": 0,
      "horario_campus": 1,
      "posse_etapa_2": 0,
      "turno": 2,
      "estrutura_curso": 1,
      "posse_etapa_1": 0,
      "situacao": 2
    }
  },
  {
    "pk": 154,
    "model": "edu.diario",
    "fields": {
      "calendario_academico": 2,
      "local_aula": 251,
      "componente_curricular": 1,
      "periodo_letivo": 1,
      "ano_letivo": 5,
      "posse_etapa_3": 0,
      "turma": 15,
      "percentual_minimo_ch": 90,
      "quantidade_vagas": 1,
      "posse_etapa_4": 0,
      "horario_campus": 1,
      "posse_etapa_2": 0,
      "turno": 1,
      "estrutura_curso": 1,
      "posse_etapa_1": 0,
      "situacao": 1
    }
  },
  {
    "pk": 7,
    "model": "edu.professor",
    "fields": {
      "pessoa_fisica": 98189
    }
  },
  {
    "pk": 8,
    "model": "edu.professor",
    "fields": {
      "pessoa_fisica": 4094
    }
  },
  {
    "pk": 9,
    "model": "edu.professor",
    "fields": {
      "pessoa_fisica": 115317
    }
  },
  {
    "pk": 10,
    "model": "edu.professor",
    "fields": {
      "pessoa_fisica": 344
    }
  },
  {
    "pk": 11,
    "model": "edu.professor",
    "fields": {
      "pessoa_fisica": 180
    }
  },
  {
    "pk": 12,
    "model": "edu.professor",
    "fields": {
      "pessoa_fisica": 114179
    }
  },
  {
    "pk": 13,
    "model": "edu.professor",
    "fields": {
      "pessoa_fisica": 1222
    }
  },
  {
    "pk": 14,
    "model": "edu.professor",
    "fields": {
      "pessoa_fisica": 114162
    }
  },
  {
    "pk": 15,
    "model": "edu.professor",
    "fields": {
      "pessoa_fisica": 110181
    }
  },
  {
    "pk": 16,
    "model": "edu.professor",
    "fields": {
      "pessoa_fisica": 990
    }
  },
  {
    "pk": 17,
    "model": "edu.professor",
    "fields": {
      "pessoa_fisica": 4083
    }
  },
  {
    "pk": 18,
    "model": "edu.professor",
    "fields": {
      "pessoa_fisica": 36245
    }
  },
  {
    "pk": 19,
    "model": "edu.professor",
    "fields": {
      "pessoa_fisica": 1842
    }
  },
  {
    "pk": 20,
    "model": "edu.professor",
    "fields": {
      "pessoa_fisica": 1843
    }
  },
  {
    "pk": 21,
    "model": "edu.professor",
    "fields": {
      "pessoa_fisica": 1195
    }
  },
  {
    "pk": 22,
    "model": "edu.professor",
    "fields": {
      "pessoa_fisica": 659
    }
  },
  {
    "pk": 23,
    "model": "edu.professor",
    "fields": {
      "pessoa_fisica": 4556
    }
  },
  {
    "pk": 24,
    "model": "edu.professor",
    "fields": {
      "pessoa_fisica": 4206
    }
  },
  {
    "pk": 25,
    "model": "edu.professor",
    "fields": {
      "pessoa_fisica": 115136
    }
  },
  {
    "pk": 26,
    "model": "edu.professor",
    "fields": {
      "pessoa_fisica": 97576
    }
  },
  {
    "pk": 27,
    "model": "edu.professor",
    "fields": {
      "pessoa_fisica": 6552
    }
  },
  {
    "pk": 28,
    "model": "edu.professor",
    "fields": {
      "pessoa_fisica": 97656
    }
  },
  {
    "pk": 29,
    "model": "edu.professor",
    "fields": {
      "pessoa_fisica": 4014
    }
  },
  {
    "pk": 30,
    "model": "edu.professor",
    "fields": {
      "pessoa_fisica": 4065
    }
  },
  {
    "pk": 31,
    "model": "edu.professor",
    "fields": {
      "pessoa_fisica": 9057
    }
  },
  {
    "pk": 32,
    "model": "edu.professor",
    "fields": {
      "pessoa_fisica": 107263
    }
  },
  {
    "pk": 33,
    "model": "edu.professor",
    "fields": {
      "pessoa_fisica": 6167
    }
  },
  {
    "pk": 34,
    "model": "edu.professor",
    "fields": {
      "pessoa_fisica": 6600
    }
  },
  {
    "pk": 35,
    "model": "edu.professor",
    "fields": {
      "pessoa_fisica": 828
    }
  },
  {
    "pk": 36,
    "model": "edu.professor",
    "fields": {
      "pessoa_fisica": 97726
    }
  },
  {
    "pk": 37,
    "model": "edu.professor",
    "fields": {
      "pessoa_fisica": 6804
    }
  },
  {
    "pk": 38,
    "model": "edu.professor",
    "fields": {
      "pessoa_fisica": 701
    }
  },
  {
    "pk": 39,
    "model": "edu.professor",
    "fields": {
      "pessoa_fisica": 392
    }
  },
  {
    "pk": 40,
    "model": "edu.professor",
    "fields": {
      "pessoa_fisica": 6599
    }
  },
  {
    "pk": 41,
    "model": "edu.professor",
    "fields": {
      "pessoa_fisica": 708
    }
  },
  {
    "pk": 3,
    "model": "edu.professor",
    "fields": {
      "pessoa_fisica": 1094
    }
  },
  {
    "pk": 43,
    "model": "edu.professor",
    "fields": {
      "pessoa_fisica": 991
    }
  },
  {
    "pk": 42,
    "model": "edu.professor",
    "fields": {
      "pessoa_fisica": 1145
    }
  },
  {
    "pk": 44,
    "model": "edu.professor",
    "fields": {
      "pessoa_fisica": 8731
    }
  },
  {
    "pk": 45,
    "model": "edu.professor",
    "fields": {
      "pessoa_fisica": 764
    }
  },
  {
    "pk": 46,
    "model": "edu.professor",
    "fields": {
      "pessoa_fisica": 4400
    }
  },
  {
    "pk": 47,
    "model": "edu.professor",
    "fields": {
      "pessoa_fisica": 1103
    }
  },
  {
    "pk": 48,
    "model": "edu.professor",
    "fields": {
      "pessoa_fisica": 1153
    }
  },
  {
    "pk": 49,
    "model": "edu.professor",
    "fields": {
      "pessoa_fisica": 890
    }
  },
  {
    "pk": 50,
    "model": "edu.professor",
    "fields": {
      "pessoa_fisica": 289
    }
  },
  {
    "pk": 51,
    "model": "edu.professor",
    "fields": {
      "pessoa_fisica": 110129
    }
  },
  {
    "pk": 52,
    "model": "edu.professor",
    "fields": {
      "pessoa_fisica": 7800
    }
  },
  {
    "pk": 53,
    "model": "edu.professor",
    "fields": {
      "pessoa_fisica": 746
    }
  },
  {
    "pk": 54,
    "model": "edu.professor",
    "fields": {
      "pessoa_fisica": 546
    }
  },
  {
    "pk": 55,
    "model": "edu.professor",
    "fields": {
      "pessoa_fisica": 7541
    }
  },
  {
    "pk": 56,
    "model": "edu.professor",
    "fields": {
      "pessoa_fisica": 106136
    }
  },
  {
    "pk": 57,
    "model": "edu.professor",
    "fields": {
      "pessoa_fisica": 514
    }
  },
  {
    "pk": 58,
    "model": "edu.professor",
    "fields": {
      "pessoa_fisica": 110685
    }
  },
  {
    "pk": 59,
    "model": "edu.professor",
    "fields": {
      "pessoa_fisica": 175
    }
  },
  {
    "pk": 60,
    "model": "edu.professor",
    "fields": {
      "pessoa_fisica": 6423
    }
  },
  {
    "pk": 61,
    "model": "edu.professor",
    "fields": {
      "pessoa_fisica": 126701
    }
  },
  {
    "pk": 62,
    "model": "edu.professor",
    "fields": {
      "pessoa_fisica": 6164
    }
  },
  {
    "pk": 63,
    "model": "edu.professor",
    "fields": {
      "pessoa_fisica": 114815
    }
  },
  {
    "pk": 64,
    "model": "edu.professor",
    "fields": {
      "pessoa_fisica": 7608
    }
  },
  {
    "pk": 65,
    "model": "edu.professor",
    "fields": {
      "pessoa_fisica": 2219
    }
  },
  {
    "pk": 66,
    "model": "edu.professor",
    "fields": {
      "pessoa_fisica": 5777
    }
  },
  {
    "pk": 67,
    "model": "edu.professor",
    "fields": {
      "pessoa_fisica": 109837
    }
  },
  {
    "pk": 68,
    "model": "edu.professor",
    "fields": {
      "pessoa_fisica": 2173
    }
  },
  {
    "pk": 69,
    "model": "edu.professor",
    "fields": {
      "pessoa_fisica": 4066
    }
  },
  {
    "pk": 70,
    "model": "edu.professor",
    "fields": {
      "pessoa_fisica": 4231
    }
  },
  {
    "pk": 71,
    "model": "edu.professor",
    "fields": {
      "pessoa_fisica": 110677
    }
  },
  {
    "pk": 72,
    "model": "edu.professor",
    "fields": {
      "pessoa_fisica": 6347
    }
  },
  {
    "pk": 73,
    "model": "edu.professor",
    "fields": {
      "pessoa_fisica": 1063
    }
  },
  {
    "pk": 74,
    "model": "edu.professor",
    "fields": {
      "pessoa_fisica": 203
    }
  },
  {
    "pk": 75,
    "model": "edu.professor",
    "fields": {
      "pessoa_fisica": 531
    }
  },
  {
    "pk": 76,
    "model": "edu.professor",
    "fields": {
      "pessoa_fisica": 1163
    }
  },
  {
    "pk": 77,
    "model": "edu.professor",
    "fields": {
      "pessoa_fisica": 115240
    }
  },
  {
    "pk": 78,
    "model": "edu.professor",
    "fields": {
      "pessoa_fisica": 6807
    }
  },
  {
    "pk": 79,
    "model": "edu.professor",
    "fields": {
      "pessoa_fisica": 114187
    }
  },
  {
    "pk": 80,
    "model": "edu.professor",
    "fields": {
      "pessoa_fisica": 7042
    }
  },
  {
    "pk": 81,
    "model": "edu.professor",
    "fields": {
      "pessoa_fisica": 522
    }
  },
  {
    "pk": 82,
    "model": "edu.professor",
    "fields": {
      "pessoa_fisica": 123342
    }
  },
  {
    "pk": 83,
    "model": "edu.professor",
    "fields": {
      "pessoa_fisica": 4238
    }
  },
  {
    "pk": 84,
    "model": "edu.professor",
    "fields": {
      "pessoa_fisica": 206
    }
  },
  {
    "pk": 85,
    "model": "edu.professor",
    "fields": {
      "pessoa_fisica": 1043
    }
  },
  {
    "pk": 86,
    "model": "edu.professor",
    "fields": {
      "pessoa_fisica": 1219
    }
  },
  {
    "pk": 87,
    "model": "edu.professor",
    "fields": {
      "pessoa_fisica": 7603
    }
  },
  {
    "pk": 88,
    "model": "edu.professor",
    "fields": {
      "pessoa_fisica": 1383
    }
  },
  {
    "pk": 89,
    "model": "edu.professor",
    "fields": {
      "pessoa_fisica": 4025
    }
  },
  {
    "pk": 90,
    "model": "edu.professor",
    "fields": {
      "pessoa_fisica": 4058
    }
  },
  {
    "pk": 91,
    "model": "edu.professor",
    "fields": {
      "pessoa_fisica": 110224
    }
  },
  {
    "pk": 92,
    "model": "edu.professor",
    "fields": {
      "pessoa_fisica": 7477
    }
  },
  {
    "pk": 93,
    "model": "edu.professor",
    "fields": {
      "pessoa_fisica": 1849
    }
  },
  {
    "pk": 94,
    "model": "edu.professor",
    "fields": {
      "pessoa_fisica": 750
    }
  },
  {
    "pk": 95,
    "model": "edu.professor",
    "fields": {
      "pessoa_fisica": 6812
    }
  },
  {
    "pk": 96,
    "model": "edu.professor",
    "fields": {
      "pessoa_fisica": 124946
    }
  },
  {
    "pk": 97,
    "model": "edu.professor",
    "fields": {
      "pessoa_fisica": 6601
    }
  },
  {
    "pk": 98,
    "model": "edu.professor",
    "fields": {
      "pessoa_fisica": 1107
    }
  },
  {
    "pk": 99,
    "model": "edu.professor",
    "fields": {
      "pessoa_fisica": 694
    }
  },
  {
    "pk": 100,
    "model": "edu.professor",
    "fields": {
      "pessoa_fisica": 1848
    }
  },
  {
    "pk": 101,
    "model": "edu.professor",
    "fields": {
      "pessoa_fisica": 114182
    }
  },
  {
    "pk": 102,
    "model": "edu.professor",
    "fields": {
      "pessoa_fisica": 4564
    }
  },
  {
    "pk": 103,
    "model": "edu.professor",
    "fields": {
      "pessoa_fisica": 7799
    }
  },
  {
    "pk": 104,
    "model": "edu.professor",
    "fields": {
      "pessoa_fisica": 8736
    }
  },
  {
    "pk": 105,
    "model": "edu.professor",
    "fields": {
      "pessoa_fisica": 738
    }
  },
  {
    "pk": 106,
    "model": "edu.professor",
    "fields": {
      "pessoa_fisica": 114188
    }
  },
  {
    "pk": 107,
    "model": "edu.professor",
    "fields": {
      "pessoa_fisica": 7259
    }
  },
  {
    "pk": 108,
    "model": "edu.professor",
    "fields": {
      "pessoa_fisica": 4247
    }
  },
  {
    "pk": 109,
    "model": "edu.professor",
    "fields": {
      "pessoa_fisica": 97581
    }
  },
  {
    "pk": 110,
    "model": "edu.professor",
    "fields": {
      "pessoa_fisica": 6797
    }
  },
  {
    "pk": 111,
    "model": "edu.professor",
    "fields": {
      "pessoa_fisica": 1265
    }
  },
  {
    "pk": 112,
    "model": "edu.professor",
    "fields": {
      "pessoa_fisica": 9064
    }
  },
  {
    "pk": 113,
    "model": "edu.professor",
    "fields": {
      "pessoa_fisica": 1180
    }
  },
  {
    "pk": 114,
    "model": "edu.professor",
    "fields": {
      "pessoa_fisica": 2218
    }
  },
  {
    "pk": 115,
    "model": "edu.professor",
    "fields": {
      "pessoa_fisica": 2321
    }
  },
  {
    "pk": 116,
    "model": "edu.professor",
    "fields": {
      "pessoa_fisica": 390
    }
  },
  {
    "pk": 117,
    "model": "edu.professor",
    "fields": {
      "pessoa_fisica": 4052
    }
  },
  {
    "pk": 118,
    "model": "edu.professor",
    "fields": {
      "pessoa_fisica": 4032
    }
  },
  {
    "pk": 119,
    "model": "edu.professor",
    "fields": {
      "pessoa_fisica": 7510
    }
  },
  {
    "pk": 120,
    "model": "edu.professor",
    "fields": {
      "pessoa_fisica": 154
    }
  },
  {
    "pk": 121,
    "model": "edu.professor",
    "fields": {
      "pessoa_fisica": 1231
    }
  },
  {
    "pk": 122,
    "model": "edu.professor",
    "fields": {
      "pessoa_fisica": 114816
    }
  },
  {
    "pk": 123,
    "model": "edu.professor",
    "fields": {
      "pessoa_fisica": 4041
    }
  },
  {
    "pk": 124,
    "model": "edu.professor",
    "fields": {
      "pessoa_fisica": 4015
    }
  },
  {
    "pk": 125,
    "model": "edu.professor",
    "fields": {
      "pessoa_fisica": 110183
    }
  },
  {
    "pk": 126,
    "model": "edu.professor",
    "fields": {
      "pessoa_fisica": 4091
    }
  },
  {
    "pk": 127,
    "model": "edu.professor",
    "fields": {
      "pessoa_fisica": 523
    }
  },
  {
    "pk": 128,
    "model": "edu.professor",
    "fields": {
      "pessoa_fisica": 2469
    }
  },
  {
    "pk": 129,
    "model": "edu.professor",
    "fields": {
      "pessoa_fisica": 475
    }
  },
  {
    "pk": 130,
    "model": "edu.professor",
    "fields": {
      "pessoa_fisica": 353
    }
  },
  {
    "pk": 131,
    "model": "edu.professor",
    "fields": {
      "pessoa_fisica": 997
    }
  },
  {
    "pk": 132,
    "model": "edu.professor",
    "fields": {
      "pessoa_fisica": 38268
    }
  },
  {
    "pk": 133,
    "model": "edu.professor",
    "fields": {
      "pessoa_fisica": 364
    }
  },
  {
    "pk": 134,
    "model": "edu.professor",
    "fields": {
      "pessoa_fisica": 8717
    }
  },
  {
    "pk": 135,
    "model": "edu.professor",
    "fields": {
      "pessoa_fisica": 115120
    }
  },
  {
    "pk": 136,
    "model": "edu.professor",
    "fields": {
      "pessoa_fisica": 491
    }
  },
  {
    "pk": 137,
    "model": "edu.professor",
    "fields": {
      "pessoa_fisica": 110680
    }
  },
  {
    "pk": 138,
    "model": "edu.professor",
    "fields": {
      "pessoa_fisica": 97661
    }
  },
  {
    "pk": 139,
    "model": "edu.professor",
    "fields": {
      "pessoa_fisica": 115126
    }
  },
  {
    "pk": 140,
    "model": "edu.professor",
    "fields": {
      "pessoa_fisica": 114200
    }
  },
  {
    "pk": 141,
    "model": "edu.professor",
    "fields": {
      "pessoa_fisica": 114170
    }
  },
  {
    "pk": 142,
    "model": "edu.professor",
    "fields": {
      "pessoa_fisica": 4067
    }
  },
  {
    "pk": 143,
    "model": "edu.professor",
    "fields": {
      "pessoa_fisica": 7174
    }
  },
  {
    "pk": 144,
    "model": "edu.professor",
    "fields": {
      "pessoa_fisica": 1270
    }
  },
  {
    "pk": 145,
    "model": "edu.professor",
    "fields": {
      "pessoa_fisica": 7480
    }
  },
  {
    "pk": 146,
    "model": "edu.professor",
    "fields": {
      "pessoa_fisica": 521
    }
  },
  {
    "pk": 147,
    "model": "edu.professor",
    "fields": {
      "pessoa_fisica": 125428
    }
  },
  {
    "pk": 148,
    "model": "edu.professor",
    "fields": {
      "pessoa_fisica": 1044
    }
  },
  {
    "pk": 149,
    "model": "edu.professor",
    "fields": {
      "pessoa_fisica": 4089
    }
  },
  {
    "pk": 150,
    "model": "edu.professor",
    "fields": {
      "pessoa_fisica": 124930
    }
  },
  {
    "pk": 151,
    "model": "edu.professor",
    "fields": {
      "pessoa_fisica": 7516
    }
  },
  {
    "pk": 152,
    "model": "edu.professor",
    "fields": {
      "pessoa_fisica": 38476
    }
  },
  {
    "pk": 153,
    "model": "edu.professor",
    "fields": {
      "pessoa_fisica": 114147
    }
  },
  {
    "pk": 154,
    "model": "edu.professor",
    "fields": {
      "pessoa_fisica": 128914
    }
  },
  {
    "pk": 155,
    "model": "edu.professor",
    "fields": {
      "pessoa_fisica": 115232
    }
  },
  {
    "pk": 156,
    "model": "edu.professor",
    "fields": {
      "pessoa_fisica": 5743
    }
  },
  {
    "pk": 157,
    "model": "edu.professor",
    "fields": {
      "pessoa_fisica": 1857
    }
  },
  {
    "pk": 158,
    "model": "edu.professor",
    "fields": {
      "pessoa_fisica": 35606
    }
  },
  {
    "pk": 159,
    "model": "edu.professor",
    "fields": {
      "pessoa_fisica": 114152
    }
  },
  {
    "pk": 160,
    "model": "edu.professor",
    "fields": {
      "pessoa_fisica": 4559
    }
  },
  {
    "pk": 161,
    "model": "edu.professor",
    "fields": {
      "pessoa_fisica": 7531
    }
  },
  {
    "pk": 162,
    "model": "edu.professor",
    "fields": {
      "pessoa_fisica": 2471
    }
  },
  {
    "pk": 163,
    "model": "edu.professor",
    "fields": {
      "pessoa_fisica": 4075
    }
  },
  {
    "pk": 164,
    "model": "edu.professor",
    "fields": {
      "pessoa_fisica": 107259
    }
  },
  {
    "pk": 165,
    "model": "edu.professor",
    "fields": {
      "pessoa_fisica": 7482
    }
  },
  {
    "pk": 166,
    "model": "edu.professor",
    "fields": {
      "pessoa_fisica": 114209
    }
  },
  {
    "pk": 167,
    "model": "edu.professor",
    "fields": {
      "pessoa_fisica": 110180
    }
  },
  {
    "pk": 168,
    "model": "edu.professor",
    "fields": {
      "pessoa_fisica": 1182
    }
  },
  {
    "pk": 169,
    "model": "edu.professor",
    "fields": {
      "pessoa_fisica": 4249
    }
  },
  {
    "pk": 170,
    "model": "edu.professor",
    "fields": {
      "pessoa_fisica": 1858
    }
  },
  {
    "pk": 171,
    "model": "edu.professor",
    "fields": {
      "pessoa_fisica": 7623
    }
  },
  {
    "pk": 172,
    "model": "edu.professor",
    "fields": {
      "pessoa_fisica": 995
    }
  },
  {
    "pk": 173,
    "model": "edu.professor",
    "fields": {
      "pessoa_fisica": 110223
    }
  },
  {
    "pk": 174,
    "model": "edu.professor",
    "fields": {
      "pessoa_fisica": 381
    }
  },
  {
    "pk": 175,
    "model": "edu.professor",
    "fields": {
      "pessoa_fisica": 1859
    }
  },
  {
    "pk": 176,
    "model": "edu.professor",
    "fields": {
      "pessoa_fisica": 345
    }
  },
  {
    "pk": 177,
    "model": "edu.professor",
    "fields": {
      "pessoa_fisica": 4017
    }
  },
  {
    "pk": 178,
    "model": "edu.professor",
    "fields": {
      "pessoa_fisica": 1860
    }
  },
  {
    "pk": 179,
    "model": "edu.professor",
    "fields": {
      "pessoa_fisica": 4037
    }
  },
  {
    "pk": 180,
    "model": "edu.professor",
    "fields": {
      "pessoa_fisica": 123345
    }
  },
  {
    "pk": 181,
    "model": "edu.professor",
    "fields": {
      "pessoa_fisica": 1332
    }
  },
  {
    "pk": 182,
    "model": "edu.professor",
    "fields": {
      "pessoa_fisica": 4551
    }
  },
  {
    "pk": 183,
    "model": "edu.professor",
    "fields": {
      "pessoa_fisica": 7535
    }
  },
  {
    "pk": 184,
    "model": "edu.professor",
    "fields": {
      "pessoa_fisica": 5707
    }
  },
  {
    "pk": 185,
    "model": "edu.professor",
    "fields": {
      "pessoa_fisica": 1190
    }
  },
  {
    "pk": 186,
    "model": "edu.professor",
    "fields": {
      "pessoa_fisica": 1312
    }
  },
  {
    "pk": 187,
    "model": "edu.professor",
    "fields": {
      "pessoa_fisica": 933
    }
  },
  {
    "pk": 188,
    "model": "edu.professor",
    "fields": {
      "pessoa_fisica": 326
    }
  },
  {
    "pk": 189,
    "model": "edu.professor",
    "fields": {
      "pessoa_fisica": 7534
    }
  },
  {
    "pk": 190,
    "model": "edu.professor",
    "fields": {
      "pessoa_fisica": 7020
    }
  },
  {
    "pk": 191,
    "model": "edu.professor",
    "fields": {
      "pessoa_fisica": 351
    }
  },
  {
    "pk": 192,
    "model": "edu.professor",
    "fields": {
      "pessoa_fisica": 1862
    }
  },
  {
    "pk": 193,
    "model": "edu.professor",
    "fields": {
      "pessoa_fisica": 204
    }
  },
  {
    "pk": 194,
    "model": "edu.professor",
    "fields": {
      "pessoa_fisica": 36246
    }
  },
  {
    "pk": 195,
    "model": "edu.professor",
    "fields": {
      "pessoa_fisica": 6663
    }
  },
  {
    "pk": 196,
    "model": "edu.professor",
    "fields": {
      "pessoa_fisica": 6811
    }
  },
  {
    "pk": 197,
    "model": "edu.professor",
    "fields": {
      "pessoa_fisica": 4016
    }
  },
  {
    "pk": 198,
    "model": "edu.professor",
    "fields": {
      "pessoa_fisica": 7620
    }
  },
  {
    "pk": 199,
    "model": "edu.professor",
    "fields": {
      "pessoa_fisica": 4050
    }
  },
  {
    "pk": 200,
    "model": "edu.professor",
    "fields": {
      "pessoa_fisica": 710
    }
  },
  {
    "pk": 201,
    "model": "edu.professor",
    "fields": {
      "pessoa_fisica": 115123
    }
  },
  {
    "pk": 202,
    "model": "edu.professor",
    "fields": {
      "pessoa_fisica": 4036
    }
  },
  {
    "pk": 203,
    "model": "edu.professor",
    "fields": {
      "pessoa_fisica": 560
    }
  },
  {
    "pk": 204,
    "model": "edu.professor",
    "fields": {
      "pessoa_fisica": 4095
    }
  },
  {
    "pk": 205,
    "model": "edu.professor",
    "fields": {
      "pessoa_fisica": 978
    }
  },
  {
    "pk": 206,
    "model": "edu.professor",
    "fields": {
      "pessoa_fisica": 7524
    }
  },
  {
    "pk": 207,
    "model": "edu.professor",
    "fields": {
      "pessoa_fisica": 7170
    }
  },
  {
    "pk": 208,
    "model": "edu.professor",
    "fields": {
      "pessoa_fisica": 1865
    }
  },
  {
    "pk": 209,
    "model": "edu.professor",
    "fields": {
      "pessoa_fisica": 110134
    }
  },
  {
    "pk": 210,
    "model": "edu.professor",
    "fields": {
      "pessoa_fisica": 7966
    }
  },
  {
    "pk": 211,
    "model": "edu.professor",
    "fields": {
      "pessoa_fisica": 4542
    }
  },
  {
    "pk": 212,
    "model": "edu.professor",
    "fields": {
      "pessoa_fisica": 5867
    }
  },
  {
    "pk": 213,
    "model": "edu.professor",
    "fields": {
      "pessoa_fisica": 38274
    }
  },
  {
    "pk": 214,
    "model": "edu.professor",
    "fields": {
      "pessoa_fisica": 784
    }
  },
  {
    "pk": 215,
    "model": "edu.professor",
    "fields": {
      "pessoa_fisica": 8735
    }
  },
  {
    "pk": 216,
    "model": "edu.professor",
    "fields": {
      "pessoa_fisica": 1867
    }
  },
  {
    "pk": 217,
    "model": "edu.professor",
    "fields": {
      "pessoa_fisica": 4233
    }
  },
  {
    "pk": 218,
    "model": "edu.professor",
    "fields": {
      "pessoa_fisica": 811
    }
  },
  {
    "pk": 219,
    "model": "edu.professor",
    "fields": {
      "pessoa_fisica": 6802
    }
  },
  {
    "pk": 220,
    "model": "edu.professor",
    "fields": {
      "pessoa_fisica": 107560
    }
  },
  {
    "pk": 221,
    "model": "edu.professor",
    "fields": {
      "pessoa_fisica": 7256
    }
  },
  {
    "pk": 222,
    "model": "edu.professor",
    "fields": {
      "pessoa_fisica": 115133
    }
  },
  {
    "pk": 223,
    "model": "edu.professor",
    "fields": {
      "pessoa_fisica": 115233
    }
  },
  {
    "pk": 224,
    "model": "edu.professor",
    "fields": {
      "pessoa_fisica": 114198
    }
  },
  {
    "pk": 225,
    "model": "edu.professor",
    "fields": {
      "pessoa_fisica": 5756
    }
  },
  {
    "pk": 226,
    "model": "edu.professor",
    "fields": {
      "pessoa_fisica": 38267
    }
  },
  {
    "pk": 227,
    "model": "edu.professor",
    "fields": {
      "pessoa_fisica": 115856
    }
  },
  {
    "pk": 228,
    "model": "edu.professor",
    "fields": {
      "pessoa_fisica": 4409
    }
  },
  {
    "pk": 229,
    "model": "edu.professor",
    "fields": {
      "pessoa_fisica": 115134
    }
  },
  {
    "pk": 230,
    "model": "edu.professor",
    "fields": {
      "pessoa_fisica": 960
    }
  },
  {
    "pk": 231,
    "model": "edu.professor",
    "fields": {
      "pessoa_fisica": 9055
    }
  },
  {
    "pk": 232,
    "model": "edu.professor",
    "fields": {
      "pessoa_fisica": 115116
    }
  },
  {
    "pk": 233,
    "model": "edu.professor",
    "fields": {
      "pessoa_fisica": 2753
    }
  },
  {
    "pk": 234,
    "model": "edu.professor",
    "fields": {
      "pessoa_fisica": 34398
    }
  },
  {
    "pk": 235,
    "model": "edu.professor",
    "fields": {
      "pessoa_fisica": 4076
    }
  },
  {
    "pk": 236,
    "model": "edu.professor",
    "fields": {
      "pessoa_fisica": 115244
    }
  },
  {
    "pk": 237,
    "model": "edu.professor",
    "fields": {
      "pessoa_fisica": 6440
    }
  },
  {
    "pk": 238,
    "model": "edu.professor",
    "fields": {
      "pessoa_fisica": 4042
    }
  },
  {
    "pk": 239,
    "model": "edu.professor",
    "fields": {
      "pessoa_fisica": 106140
    }
  },
  {
    "pk": 240,
    "model": "edu.professor",
    "fields": {
      "pessoa_fisica": 114192
    }
  },
  {
    "pk": 241,
    "model": "edu.professor",
    "fields": {
      "pessoa_fisica": 1872
    }
  },
  {
    "pk": 242,
    "model": "edu.professor",
    "fields": {
      "pessoa_fisica": 1114
    }
  },
  {
    "pk": 243,
    "model": "edu.professor",
    "fields": {
      "pessoa_fisica": 4080
    }
  },
  {
    "pk": 244,
    "model": "edu.professor",
    "fields": {
      "pessoa_fisica": 726
    }
  },
  {
    "pk": 245,
    "model": "edu.professor",
    "fields": {
      "pessoa_fisica": 97902
    }
  },
  {
    "pk": 246,
    "model": "edu.professor",
    "fields": {
      "pessoa_fisica": 35604
    }
  },
  {
    "pk": 247,
    "model": "edu.professor",
    "fields": {
      "pessoa_fisica": 114168
    }
  },
  {
    "pk": 248,
    "model": "edu.professor",
    "fields": {
      "pessoa_fisica": 9278
    }
  },
  {
    "pk": 249,
    "model": "edu.professor",
    "fields": {
      "pessoa_fisica": 808
    }
  },
  {
    "pk": 250,
    "model": "edu.professor",
    "fields": {
      "pessoa_fisica": 38269
    }
  },
  {
    "pk": 251,
    "model": "edu.professor",
    "fields": {
      "pessoa_fisica": 110678
    }
  },
  {
    "pk": 252,
    "model": "edu.professor",
    "fields": {
      "pessoa_fisica": 369
    }
  },
  {
    "pk": 253,
    "model": "edu.professor",
    "fields": {
      "pessoa_fisica": 7537
    }
  },
  {
    "pk": 254,
    "model": "edu.professor",
    "fields": {
      "pessoa_fisica": 1115
    }
  },
  {
    "pk": 255,
    "model": "edu.professor",
    "fields": {
      "pessoa_fisica": 110057
    }
  },
  {
    "pk": 256,
    "model": "edu.professor",
    "fields": {
      "pessoa_fisica": 690
    }
  },
  {
    "pk": 257,
    "model": "edu.professor",
    "fields": {
      "pessoa_fisica": 538
    }
  },
  {
    "pk": 258,
    "model": "edu.professor",
    "fields": {
      "pessoa_fisica": 9288
    }
  },
  {
    "pk": 259,
    "model": "edu.professor",
    "fields": {
      "pessoa_fisica": 1373
    }
  },
  {
    "pk": 260,
    "model": "edu.professor",
    "fields": {
      "pessoa_fisica": 988
    }
  },
  {
    "pk": 261,
    "model": "edu.professor",
    "fields": {
      "pessoa_fisica": 839
    }
  },
  {
    "pk": 262,
    "model": "edu.professor",
    "fields": {
      "pessoa_fisica": 4018
    }
  },
  {
    "pk": 263,
    "model": "edu.professor",
    "fields": {
      "pessoa_fisica": 110053
    }
  },
  {
    "pk": 264,
    "model": "edu.professor",
    "fields": {
      "pessoa_fisica": 7266
    }
  },
  {
    "pk": 265,
    "model": "edu.professor",
    "fields": {
      "pessoa_fisica": 110055
    }
  },
  {
    "pk": 266,
    "model": "edu.professor",
    "fields": {
      "pessoa_fisica": 128910
    }
  },
  {
    "pk": 267,
    "model": "edu.professor",
    "fields": {
      "pessoa_fisica": 115852
    }
  },
  {
    "pk": 268,
    "model": "edu.professor",
    "fields": {
      "pessoa_fisica": 1873
    }
  },
  {
    "pk": 269,
    "model": "edu.professor",
    "fields": {
      "pessoa_fisica": 1329
    }
  },
  {
    "pk": 270,
    "model": "edu.professor",
    "fields": {
      "pessoa_fisica": 38477
    }
  },
  {
    "pk": 271,
    "model": "edu.professor",
    "fields": {
      "pessoa_fisica": 846
    }
  },
  {
    "pk": 272,
    "model": "edu.professor",
    "fields": {
      "pessoa_fisica": 2470
    }
  },
  {
    "pk": 273,
    "model": "edu.professor",
    "fields": {
      "pessoa_fisica": 389
    }
  },
  {
    "pk": 274,
    "model": "edu.professor",
    "fields": {
      "pessoa_fisica": 7517
    }
  },
  {
    "pk": 275,
    "model": "edu.professor",
    "fields": {
      "pessoa_fisica": 141
    }
  },
  {
    "pk": 276,
    "model": "edu.professor",
    "fields": {
      "pessoa_fisica": 697
    }
  },
  {
    "pk": 277,
    "model": "edu.professor",
    "fields": {
      "pessoa_fisica": 672
    }
  },
  {
    "pk": 278,
    "model": "edu.professor",
    "fields": {
      "pessoa_fisica": 684
    }
  },
  {
    "pk": 279,
    "model": "edu.professor",
    "fields": {
      "pessoa_fisica": 4044
    }
  },
  {
    "pk": 280,
    "model": "edu.professor",
    "fields": {
      "pessoa_fisica": 4039
    }
  },
  {
    "pk": 281,
    "model": "edu.professor",
    "fields": {
      "pessoa_fisica": 38270
    }
  },
  {
    "pk": 282,
    "model": "edu.professor",
    "fields": {
      "pessoa_fisica": 7970
    }
  },
  {
    "pk": 283,
    "model": "edu.professor",
    "fields": {
      "pessoa_fisica": 7471
    }
  },
  {
    "pk": 284,
    "model": "edu.professor",
    "fields": {
      "pessoa_fisica": 128656
    }
  },
  {
    "pk": 285,
    "model": "edu.professor",
    "fields": {
      "pessoa_fisica": 36254
    }
  },
  {
    "pk": 286,
    "model": "edu.professor",
    "fields": {
      "pessoa_fisica": 1007
    }
  },
  {
    "pk": 287,
    "model": "edu.professor",
    "fields": {
      "pessoa_fisica": 347
    }
  },
  {
    "pk": 288,
    "model": "edu.professor",
    "fields": {
      "pessoa_fisica": 115322
    }
  },
  {
    "pk": 289,
    "model": "edu.professor",
    "fields": {
      "pessoa_fisica": 2069
    }
  },
  {
    "pk": 290,
    "model": "edu.professor",
    "fields": {
      "pessoa_fisica": 503
    }
  },
  {
    "pk": 291,
    "model": "edu.professor",
    "fields": {
      "pessoa_fisica": 4212
    }
  },
  {
    "pk": 292,
    "model": "edu.professor",
    "fields": {
      "pessoa_fisica": 2718
    }
  },
  {
    "pk": 293,
    "model": "edu.professor",
    "fields": {
      "pessoa_fisica": 7486
    }
  },
  {
    "pk": 294,
    "model": "edu.professor",
    "fields": {
      "pessoa_fisica": 1385
    }
  },
  {
    "pk": 295,
    "model": "edu.professor",
    "fields": {
      "pessoa_fisica": 1339
    }
  },
  {
    "pk": 296,
    "model": "edu.professor",
    "fields": {
      "pessoa_fisica": 115253
    }
  },
  {
    "pk": 297,
    "model": "edu.professor",
    "fields": {
      "pessoa_fisica": 4047
    }
  },
  {
    "pk": 298,
    "model": "edu.professor",
    "fields": {
      "pessoa_fisica": 4562
    }
  },
  {
    "pk": 299,
    "model": "edu.professor",
    "fields": {
      "pessoa_fisica": 384
    }
  },
  {
    "pk": 300,
    "model": "edu.professor",
    "fields": {
      "pessoa_fisica": 97530
    }
  },
  {
    "pk": 301,
    "model": "edu.professor",
    "fields": {
      "pessoa_fisica": 8710
    }
  },
  {
    "pk": 302,
    "model": "edu.professor",
    "fields": {
      "pessoa_fisica": 1171
    }
  },
  {
    "pk": 303,
    "model": "edu.professor",
    "fields": {
      "pessoa_fisica": 2713
    }
  },
  {
    "pk": 304,
    "model": "edu.professor",
    "fields": {
      "pessoa_fisica": 6348
    }
  },
  {
    "pk": 305,
    "model": "edu.professor",
    "fields": {
      "pessoa_fisica": 489
    }
  },
  {
    "pk": 306,
    "model": "edu.professor",
    "fields": {
      "pessoa_fisica": 1387
    }
  },
  {
    "pk": 307,
    "model": "edu.professor",
    "fields": {
      "pessoa_fisica": 1386
    }
  },
  {
    "pk": 308,
    "model": "edu.professor",
    "fields": {
      "pessoa_fisica": 114153
    }
  },
  {
    "pk": 309,
    "model": "edu.professor",
    "fields": {
      "pessoa_fisica": 1877
    }
  },
  {
    "pk": 310,
    "model": "edu.professor",
    "fields": {
      "pessoa_fisica": 1217
    }
  },
  {
    "pk": 311,
    "model": "edu.professor",
    "fields": {
      "pessoa_fisica": 1225
    }
  },
  {
    "pk": 312,
    "model": "edu.professor",
    "fields": {
      "pessoa_fisica": 7166
    }
  },
  {
    "pk": 313,
    "model": "edu.professor",
    "fields": {
      "pessoa_fisica": 588
    }
  },
  {
    "pk": 314,
    "model": "edu.professor",
    "fields": {
      "pessoa_fisica": 1233
    }
  },
  {
    "pk": 315,
    "model": "edu.professor",
    "fields": {
      "pessoa_fisica": 1056
    }
  },
  {
    "pk": 316,
    "model": "edu.professor",
    "fields": {
      "pessoa_fisica": 6425
    }
  },
  {
    "pk": 317,
    "model": "edu.professor",
    "fields": {
      "pessoa_fisica": 944
    }
  },
  {
    "pk": 318,
    "model": "edu.professor",
    "fields": {
      "pessoa_fisica": 1221
    }
  },
  {
    "pk": 319,
    "model": "edu.professor",
    "fields": {
      "pessoa_fisica": 4097
    }
  },
  {
    "pk": 320,
    "model": "edu.professor",
    "fields": {
      "pessoa_fisica": 2717
    }
  },
  {
    "pk": 321,
    "model": "edu.professor",
    "fields": {
      "pessoa_fisica": 38266
    }
  },
  {
    "pk": 322,
    "model": "edu.professor",
    "fields": {
      "pessoa_fisica": 110045
    }
  },
  {
    "pk": 323,
    "model": "edu.professor",
    "fields": {
      "pessoa_fisica": 4034
    }
  },
  {
    "pk": 324,
    "model": "edu.professor",
    "fields": {
      "pessoa_fisica": 97718
    }
  },
  {
    "pk": 325,
    "model": "edu.professor",
    "fields": {
      "pessoa_fisica": 11136
    }
  },
  {
    "pk": 326,
    "model": "edu.professor",
    "fields": {
      "pessoa_fisica": 1403
    }
  },
  {
    "pk": 327,
    "model": "edu.professor",
    "fields": {
      "pessoa_fisica": 1883
    }
  },
  {
    "pk": 328,
    "model": "edu.professor",
    "fields": {
      "pessoa_fisica": 4045
    }
  },
  {
    "pk": 329,
    "model": "edu.professor",
    "fields": {
      "pessoa_fisica": 4237
    }
  },
  {
    "pk": 330,
    "model": "edu.professor",
    "fields": {
      "pessoa_fisica": 4202
    }
  },
  {
    "pk": 331,
    "model": "edu.professor",
    "fields": {
      "pessoa_fisica": 114149
    }
  },
  {
    "pk": 332,
    "model": "edu.professor",
    "fields": {
      "pessoa_fisica": 110307
    }
  },
  {
    "pk": 333,
    "model": "edu.professor",
    "fields": {
      "pessoa_fisica": 115236
    }
  },
  {
    "pk": 334,
    "model": "edu.professor",
    "fields": {
      "pessoa_fisica": 805
    }
  },
  {
    "pk": 335,
    "model": "edu.professor",
    "fields": {
      "pessoa_fisica": 1338
    }
  },
  {
    "pk": 336,
    "model": "edu.professor",
    "fields": {
      "pessoa_fisica": 1884
    }
  },
  {
    "pk": 337,
    "model": "edu.professor",
    "fields": {
      "pessoa_fisica": 110139
    }
  },
  {
    "pk": 338,
    "model": "edu.professor",
    "fields": {
      "pessoa_fisica": 1202
    }
  },
  {
    "pk": 339,
    "model": "edu.professor",
    "fields": {
      "pessoa_fisica": 115258
    }
  },
  {
    "pk": 340,
    "model": "edu.professor",
    "fields": {
      "pessoa_fisica": 128915
    }
  },
  {
    "pk": 341,
    "model": "edu.professor",
    "fields": {
      "pessoa_fisica": 1886
    }
  },
  {
    "pk": 342,
    "model": "edu.professor",
    "fields": {
      "pessoa_fisica": 7519
    }
  },
  {
    "pk": 343,
    "model": "edu.professor",
    "fields": {
      "pessoa_fisica": 110188
    }
  },
  {
    "pk": 344,
    "model": "edu.professor",
    "fields": {
      "pessoa_fisica": 38263
    }
  },
  {
    "pk": 345,
    "model": "edu.professor",
    "fields": {
      "pessoa_fisica": 9058
    }
  },
  {
    "pk": 346,
    "model": "edu.professor",
    "fields": {
      "pessoa_fisica": 125667
    }
  },
  {
    "pk": 347,
    "model": "edu.professor",
    "fields": {
      "pessoa_fisica": 1028
    }
  },
  {
    "pk": 348,
    "model": "edu.professor",
    "fields": {
      "pessoa_fisica": 7509
    }
  },
  {
    "pk": 349,
    "model": "edu.professor",
    "fields": {
      "pessoa_fisica": 110681
    }
  },
  {
    "pk": 350,
    "model": "edu.professor",
    "fields": {
      "pessoa_fisica": 4859
    }
  },
  {
    "pk": 351,
    "model": "edu.professor",
    "fields": {
      "pessoa_fisica": 128941
    }
  },
  {
    "pk": 352,
    "model": "edu.professor",
    "fields": {
      "pessoa_fisica": 928
    }
  },
  {
    "pk": 353,
    "model": "edu.professor",
    "fields": {
      "pessoa_fisica": 109965
    }
  },
  {
    "pk": 354,
    "model": "edu.professor",
    "fields": {
      "pessoa_fisica": 110050
    }
  },
  {
    "pk": 355,
    "model": "edu.professor",
    "fields": {
      "pessoa_fisica": 1887
    }
  },
  {
    "pk": 356,
    "model": "edu.professor",
    "fields": {
      "pessoa_fisica": 7047
    }
  },
  {
    "pk": 357,
    "model": "edu.professor",
    "fields": {
      "pessoa_fisica": 346
    }
  },
  {
    "pk": 358,
    "model": "edu.professor",
    "fields": {
      "pessoa_fisica": 114161
    }
  },
  {
    "pk": 359,
    "model": "edu.professor",
    "fields": {
      "pessoa_fisica": 114817
    }
  },
  {
    "pk": 360,
    "model": "edu.professor",
    "fields": {
      "pessoa_fisica": 936
    }
  },
  {
    "pk": 361,
    "model": "edu.professor",
    "fields": {
      "pessoa_fisica": 8712
    }
  },
  {
    "pk": 362,
    "model": "edu.professor",
    "fields": {
      "pessoa_fisica": 106395
    }
  },
  {
    "pk": 363,
    "model": "edu.professor",
    "fields": {
      "pessoa_fisica": 689
    }
  },
  {
    "pk": 364,
    "model": "edu.professor",
    "fields": {
      "pessoa_fisica": 7028
    }
  },
  {
    "pk": 365,
    "model": "edu.professor",
    "fields": {
      "pessoa_fisica": 10593
    }
  },
  {
    "pk": 366,
    "model": "edu.professor",
    "fields": {
      "pessoa_fisica": 9291
    }
  },
  {
    "pk": 367,
    "model": "edu.professor",
    "fields": {
      "pessoa_fisica": 7423
    }
  },
  {
    "pk": 368,
    "model": "edu.professor",
    "fields": {
      "pessoa_fisica": 114157
    }
  },
  {
    "pk": 369,
    "model": "edu.professor",
    "fields": {
      "pessoa_fisica": 1333
    }
  },
  {
    "pk": 370,
    "model": "edu.professor",
    "fields": {
      "pessoa_fisica": 1036
    }
  },
  {
    "pk": 371,
    "model": "edu.professor",
    "fields": {
      "pessoa_fisica": 1229
    }
  },
  {
    "pk": 372,
    "model": "edu.professor",
    "fields": {
      "pessoa_fisica": 4224
    }
  },
  {
    "pk": 373,
    "model": "edu.professor",
    "fields": {
      "pessoa_fisica": 1096
    }
  },
  {
    "pk": 374,
    "model": "edu.professor",
    "fields": {
      "pessoa_fisica": 1197
    }
  },
  {
    "pk": 375,
    "model": "edu.professor",
    "fields": {
      "pessoa_fisica": 4021
    }
  },
  {
    "pk": 376,
    "model": "edu.professor",
    "fields": {
      "pessoa_fisica": 1174
    }
  },
  {
    "pk": 377,
    "model": "edu.professor",
    "fields": {
      "pessoa_fisica": 8726
    }
  },
  {
    "pk": 378,
    "model": "edu.professor",
    "fields": {
      "pessoa_fisica": 2480
    }
  },
  {
    "pk": 379,
    "model": "edu.professor",
    "fields": {
      "pessoa_fisica": 107691
    }
  },
  {
    "pk": 380,
    "model": "edu.professor",
    "fields": {
      "pessoa_fisica": 7957
    }
  },
  {
    "pk": 381,
    "model": "edu.professor",
    "fields": {
      "pessoa_fisica": 1891
    }
  },
  {
    "pk": 382,
    "model": "edu.professor",
    "fields": {
      "pessoa_fisica": 935
    }
  },
  {
    "pk": 383,
    "model": "edu.professor",
    "fields": {
      "pessoa_fisica": 110186
    }
  },
  {
    "pk": 384,
    "model": "edu.professor",
    "fields": {
      "pessoa_fisica": 36255
    }
  },
  {
    "pk": 385,
    "model": "edu.professor",
    "fields": {
      "pessoa_fisica": 1037
    }
  },
  {
    "pk": 386,
    "model": "edu.professor",
    "fields": {
      "pessoa_fisica": 1893
    }
  },
  {
    "pk": 387,
    "model": "edu.professor",
    "fields": {
      "pessoa_fisica": 4227
    }
  },
  {
    "pk": 388,
    "model": "edu.professor",
    "fields": {
      "pessoa_fisica": 1388
    }
  },
  {
    "pk": 389,
    "model": "edu.professor",
    "fields": {
      "pessoa_fisica": 7604
    }
  },
  {
    "pk": 390,
    "model": "edu.professor",
    "fields": {
      "pessoa_fisica": 1262
    }
  },
  {
    "pk": 391,
    "model": "edu.professor",
    "fields": {
      "pessoa_fisica": 1201
    }
  },
  {
    "pk": 392,
    "model": "edu.professor",
    "fields": {
      "pessoa_fisica": 167
    }
  },
  {
    "pk": 393,
    "model": "edu.professor",
    "fields": {
      "pessoa_fisica": 1890
    }
  },
  {
    "pk": 394,
    "model": "edu.professor",
    "fields": {
      "pessoa_fisica": 7059
    }
  },
  {
    "pk": 395,
    "model": "edu.professor",
    "fields": {
      "pessoa_fisica": 564
    }
  },
  {
    "pk": 396,
    "model": "edu.professor",
    "fields": {
      "pessoa_fisica": 110133
    }
  },
  {
    "pk": 397,
    "model": "edu.professor",
    "fields": {
      "pessoa_fisica": 4020
    }
  },
  {
    "pk": 398,
    "model": "edu.professor",
    "fields": {
      "pessoa_fisica": 1328
    }
  },
  {
    "pk": 399,
    "model": "edu.professor",
    "fields": {
      "pessoa_fisica": 4221
    }
  },
  {
    "pk": 400,
    "model": "edu.professor",
    "fields": {
      "pessoa_fisica": 115776
    }
  },
  {
    "pk": 401,
    "model": "edu.professor",
    "fields": {
      "pessoa_fisica": 36226
    }
  },
  {
    "pk": 402,
    "model": "edu.professor",
    "fields": {
      "pessoa_fisica": 128911
    }
  },
  {
    "pk": 403,
    "model": "edu.professor",
    "fields": {
      "pessoa_fisica": 36240
    }
  },
  {
    "pk": 404,
    "model": "edu.professor",
    "fields": {
      "pessoa_fisica": 7404
    }
  },
  {
    "pk": 405,
    "model": "edu.professor",
    "fields": {
      "pessoa_fisica": 6798
    }
  },
  {
    "pk": 406,
    "model": "edu.professor",
    "fields": {
      "pessoa_fisica": 115122
    }
  },
  {
    "pk": 407,
    "model": "edu.professor",
    "fields": {
      "pessoa_fisica": 425
    }
  },
  {
    "pk": 408,
    "model": "edu.professor",
    "fields": {
      "pessoa_fisica": 4048
    }
  },
  {
    "pk": 409,
    "model": "edu.professor",
    "fields": {
      "pessoa_fisica": 115117
    }
  },
  {
    "pk": 410,
    "model": "edu.professor",
    "fields": {
      "pessoa_fisica": 1196
    }
  },
  {
    "pk": 411,
    "model": "edu.professor",
    "fields": {
      "pessoa_fisica": 693
    }
  },
  {
    "pk": 412,
    "model": "edu.professor",
    "fields": {
      "pessoa_fisica": 4030
    }
  },
  {
    "pk": 413,
    "model": "edu.professor",
    "fields": {
      "pessoa_fisica": 142
    }
  },
  {
    "pk": 414,
    "model": "edu.professor",
    "fields": {
      "pessoa_fisica": 998
    }
  },
  {
    "pk": 415,
    "model": "edu.professor",
    "fields": {
      "pessoa_fisica": 536
    }
  },
  {
    "pk": 416,
    "model": "edu.professor",
    "fields": {
      "pessoa_fisica": 7514
    }
  },
  {
    "pk": 417,
    "model": "edu.professor",
    "fields": {
      "pessoa_fisica": 1042
    }
  },
  {
    "pk": 418,
    "model": "edu.professor",
    "fields": {
      "pessoa_fisica": 327
    }
  },
  {
    "pk": 419,
    "model": "edu.professor",
    "fields": {
      "pessoa_fisica": 686
    }
  },
  {
    "pk": 420,
    "model": "edu.professor",
    "fields": {
      "pessoa_fisica": 1247
    }
  },
  {
    "pk": 421,
    "model": "edu.professor",
    "fields": {
      "pessoa_fisica": 7618
    }
  },
  {
    "pk": 422,
    "model": "edu.professor",
    "fields": {
      "pessoa_fisica": 332
    }
  },
  {
    "pk": 423,
    "model": "edu.professor",
    "fields": {
      "pessoa_fisica": 7539
    }
  },
  {
    "pk": 424,
    "model": "edu.professor",
    "fields": {
      "pessoa_fisica": 4102
    }
  },
  {
    "pk": 425,
    "model": "edu.professor",
    "fields": {
      "pessoa_fisica": 9054
    }
  },
  {
    "pk": 426,
    "model": "edu.professor",
    "fields": {
      "pessoa_fisica": 810
    }
  },
  {
    "pk": 427,
    "model": "edu.professor",
    "fields": {
      "pessoa_fisica": 424
    }
  },
  {
    "pk": 428,
    "model": "edu.professor",
    "fields": {
      "pessoa_fisica": 1899
    }
  },
  {
    "pk": 429,
    "model": "edu.professor",
    "fields": {
      "pessoa_fisica": 984
    }
  },
  {
    "pk": 430,
    "model": "edu.professor",
    "fields": {
      "pessoa_fisica": 159
    }
  },
  {
    "pk": 431,
    "model": "edu.professor",
    "fields": {
      "pessoa_fisica": 832
    }
  },
  {
    "pk": 432,
    "model": "edu.professor",
    "fields": {
      "pessoa_fisica": 644
    }
  },
  {
    "pk": 433,
    "model": "edu.professor",
    "fields": {
      "pessoa_fisica": 7801
    }
  },
  {
    "pk": 434,
    "model": "edu.professor",
    "fields": {
      "pessoa_fisica": 4096
    }
  },
  {
    "pk": 435,
    "model": "edu.professor",
    "fields": {
      "pessoa_fisica": 2014
    }
  },
  {
    "pk": 436,
    "model": "edu.professor",
    "fields": {
      "pessoa_fisica": 7710
    }
  },
  {
    "pk": 437,
    "model": "edu.professor",
    "fields": {
      "pessoa_fisica": 10792
    }
  },
  {
    "pk": 438,
    "model": "edu.professor",
    "fields": {
      "pessoa_fisica": 115318
    }
  },
  {
    "pk": 439,
    "model": "edu.professor",
    "fields": {
      "pessoa_fisica": 126707
    }
  },
  {
    "pk": 440,
    "model": "edu.professor",
    "fields": {
      "pessoa_fisica": 1389
    }
  },
  {
    "pk": 441,
    "model": "edu.professor",
    "fields": {
      "pessoa_fisica": 735
    }
  },
  {
    "pk": 442,
    "model": "edu.professor",
    "fields": {
      "pessoa_fisica": 125669
    }
  },
  {
    "pk": 443,
    "model": "edu.professor",
    "fields": {
      "pessoa_fisica": 10486
    }
  },
  {
    "pk": 444,
    "model": "edu.professor",
    "fields": {
      "pessoa_fisica": 4049
    }
  },
  {
    "pk": 445,
    "model": "edu.professor",
    "fields": {
      "pessoa_fisica": 7807
    }
  },
  {
    "pk": 446,
    "model": "edu.professor",
    "fields": {
      "pessoa_fisica": 1390
    }
  },
  {
    "pk": 447,
    "model": "edu.professor",
    "fields": {
      "pessoa_fisica": 11138
    }
  },
  {
    "pk": 448,
    "model": "edu.professor",
    "fields": {
      "pessoa_fisica": 6796
    }
  },
  {
    "pk": 449,
    "model": "edu.professor",
    "fields": {
      "pessoa_fisica": 110679
    }
  },
  {
    "pk": 450,
    "model": "edu.professor",
    "fields": {
      "pessoa_fisica": 1192
    }
  },
  {
    "pk": 451,
    "model": "edu.professor",
    "fields": {
      "pessoa_fisica": 115849
    }
  },
  {
    "pk": 452,
    "model": "edu.professor",
    "fields": {
      "pessoa_fisica": 748
    }
  },
  {
    "pk": 453,
    "model": "edu.professor",
    "fields": {
      "pessoa_fisica": 4695
    }
  },
  {
    "pk": 454,
    "model": "edu.professor",
    "fields": {
      "pessoa_fisica": 35599
    }
  },
  {
    "pk": 455,
    "model": "edu.professor",
    "fields": {
      "pessoa_fisica": 4380
    }
  },
  {
    "pk": 456,
    "model": "edu.professor",
    "fields": {
      "pessoa_fisica": 7508
    }
  },
  {
    "pk": 457,
    "model": "edu.professor",
    "fields": {
      "pessoa_fisica": 1045
    }
  },
  {
    "pk": 458,
    "model": "edu.professor",
    "fields": {
      "pessoa_fisica": 97657
    }
  },
  {
    "pk": 459,
    "model": "edu.professor",
    "fields": {
      "pessoa_fisica": 127800
    }
  },
  {
    "pk": 460,
    "model": "edu.professor",
    "fields": {
      "pessoa_fisica": 6799
    }
  },
  {
    "pk": 461,
    "model": "edu.professor",
    "fields": {
      "pessoa_fisica": 499
    }
  },
  {
    "pk": 462,
    "model": "edu.professor",
    "fields": {
      "pessoa_fisica": 8127
    }
  },
  {
    "pk": 463,
    "model": "edu.professor",
    "fields": {
      "pessoa_fisica": 797
    }
  },
  {
    "pk": 464,
    "model": "edu.professor",
    "fields": {
      "pessoa_fisica": 127676
    }
  },
  {
    "pk": 465,
    "model": "edu.professor",
    "fields": {
      "pessoa_fisica": 6162
    }
  },
  {
    "pk": 466,
    "model": "edu.professor",
    "fields": {
      "pessoa_fisica": 110145
    }
  },
  {
    "pk": 467,
    "model": "edu.professor",
    "fields": {
      "pessoa_fisica": 126708
    }
  },
  {
    "pk": 468,
    "model": "edu.professor",
    "fields": {
      "pessoa_fisica": 4051
    }
  },
  {
    "pk": 469,
    "model": "edu.professor",
    "fields": {
      "pessoa_fisica": 1194
    }
  },
  {
    "pk": 470,
    "model": "edu.professor",
    "fields": {
      "pessoa_fisica": 7949
    }
  },
  {
    "pk": 471,
    "model": "edu.professor",
    "fields": {
      "pessoa_fisica": 4057
    }
  },
  {
    "pk": 472,
    "model": "edu.professor",
    "fields": {
      "pessoa_fisica": 7607
    }
  },
  {
    "pk": 473,
    "model": "edu.professor",
    "fields": {
      "pessoa_fisica": 1038
    }
  },
  {
    "pk": 474,
    "model": "edu.professor",
    "fields": {
      "pessoa_fisica": 4064
    }
  },
  {
    "pk": 475,
    "model": "edu.professor",
    "fields": {
      "pessoa_fisica": 125626
    }
  },
  {
    "pk": 476,
    "model": "edu.professor",
    "fields": {
      "pessoa_fisica": 115125
    }
  },
  {
    "pk": 477,
    "model": "edu.professor",
    "fields": {
      "pessoa_fisica": 1906
    }
  },
  {
    "pk": 478,
    "model": "edu.professor",
    "fields": {
      "pessoa_fisica": 391
    }
  },
  {
    "pk": 479,
    "model": "edu.professor",
    "fields": {
      "pessoa_fisica": 9296
    }
  },
  {
    "pk": 480,
    "model": "edu.professor",
    "fields": {
      "pessoa_fisica": 10384
    }
  },
  {
    "pk": 481,
    "model": "edu.professor",
    "fields": {
      "pessoa_fisica": 107558
    }
  },
  {
    "pk": 482,
    "model": "edu.professor",
    "fields": {
      "pessoa_fisica": 4086
    }
  },
  {
    "pk": 483,
    "model": "edu.professor",
    "fields": {
      "pessoa_fisica": 1091
    }
  },
  {
    "pk": 484,
    "model": "edu.professor",
    "fields": {
      "pessoa_fisica": 1907
    }
  },
  {
    "pk": 485,
    "model": "edu.professor",
    "fields": {
      "pessoa_fisica": 114184
    }
  },
  {
    "pk": 486,
    "model": "edu.professor",
    "fields": {
      "pessoa_fisica": 736
    }
  },
  {
    "pk": 487,
    "model": "edu.professor",
    "fields": {
      "pessoa_fisica": 6170
    }
  },
  {
    "pk": 488,
    "model": "edu.professor",
    "fields": {
      "pessoa_fisica": 4225
    }
  },
  {
    "pk": 489,
    "model": "edu.professor",
    "fields": {
      "pessoa_fisica": 544
    }
  },
  {
    "pk": 490,
    "model": "edu.professor",
    "fields": {
      "pessoa_fisica": 878
    }
  },
  {
    "pk": 491,
    "model": "edu.professor",
    "fields": {
      "pessoa_fisica": 2793
    }
  },
  {
    "pk": 492,
    "model": "edu.professor",
    "fields": {
      "pessoa_fisica": 114151
    }
  },
  {
    "pk": 493,
    "model": "edu.professor",
    "fields": {
      "pessoa_fisica": 38487
    }
  },
  {
    "pk": 494,
    "model": "edu.professor",
    "fields": {
      "pessoa_fisica": 36250
    }
  },
  {
    "pk": 495,
    "model": "edu.professor",
    "fields": {
      "pessoa_fisica": 2780
    }
  },
  {
    "pk": 496,
    "model": "edu.professor",
    "fields": {
      "pessoa_fisica": 4104
    }
  },
  {
    "pk": 497,
    "model": "edu.professor",
    "fields": {
      "pessoa_fisica": 6165
    }
  },
  {
    "pk": 498,
    "model": "edu.professor",
    "fields": {
      "pessoa_fisica": 2467
    }
  },
  {
    "pk": 499,
    "model": "edu.professor",
    "fields": {
      "pessoa_fisica": 4031
    }
  },
  {
    "pk": 500,
    "model": "edu.professor",
    "fields": {
      "pessoa_fisica": 107559
    }
  },
  {
    "pk": 501,
    "model": "edu.professor",
    "fields": {
      "pessoa_fisica": 7031
    }
  },
  {
    "pk": 502,
    "model": "edu.professor",
    "fields": {
      "pessoa_fisica": 9051
    }
  },
  {
    "pk": 503,
    "model": "edu.professor",
    "fields": {
      "pessoa_fisica": 1391
    }
  },
  {
    "pk": 504,
    "model": "edu.professor",
    "fields": {
      "pessoa_fisica": 4077
    }
  },
  {
    "pk": 505,
    "model": "edu.professor",
    "fields": {
      "pessoa_fisica": 3396
    }
  },
  {
    "pk": 506,
    "model": "edu.professor",
    "fields": {
      "pessoa_fisica": 3769
    }
  },
  {
    "pk": 507,
    "model": "edu.professor",
    "fields": {
      "pessoa_fisica": 1275
    }
  },
  {
    "pk": 508,
    "model": "edu.professor",
    "fields": {
      "pessoa_fisica": 114207
    }
  },
  {
    "pk": 509,
    "model": "edu.professor",
    "fields": {
      "pessoa_fisica": 4029
    }
  },
  {
    "pk": 510,
    "model": "edu.professor",
    "fields": {
      "pessoa_fisica": 688
    }
  },
  {
    "pk": 511,
    "model": "edu.professor",
    "fields": {
      "pessoa_fisica": 6157
    }
  },
  {
    "pk": 512,
    "model": "edu.professor",
    "fields": {
      "pessoa_fisica": 7717
    }
  },
  {
    "pk": 513,
    "model": "edu.professor",
    "fields": {
      "pessoa_fisica": 267
    }
  },
  {
    "pk": 514,
    "model": "edu.professor",
    "fields": {
      "pessoa_fisica": 35607
    }
  },
  {
    "pk": 515,
    "model": "edu.professor",
    "fields": {
      "pessoa_fisica": 1392
    }
  },
  {
    "pk": 516,
    "model": "edu.professor",
    "fields": {
      "pessoa_fisica": 952
    }
  },
  {
    "pk": 517,
    "model": "edu.professor",
    "fields": {
      "pessoa_fisica": 348
    }
  },
  {
    "pk": 518,
    "model": "edu.professor",
    "fields": {
      "pessoa_fisica": 6613
    }
  },
  {
    "pk": 519,
    "model": "edu.professor",
    "fields": {
      "pessoa_fisica": 653
    }
  },
  {
    "pk": 520,
    "model": "edu.professor",
    "fields": {
      "pessoa_fisica": 110686
    }
  },
  {
    "pk": 521,
    "model": "edu.professor",
    "fields": {
      "pessoa_fisica": 343
    }
  },
  {
    "pk": 522,
    "model": "edu.professor",
    "fields": {
      "pessoa_fisica": 115781
    }
  },
  {
    "pk": 523,
    "model": "edu.professor",
    "fields": {
      "pessoa_fisica": 704
    }
  },
  {
    "pk": 524,
    "model": "edu.professor",
    "fields": {
      "pessoa_fisica": 110675
    }
  },
  {
    "pk": 525,
    "model": "edu.professor",
    "fields": {
      "pessoa_fisica": 4205
    }
  },
  {
    "pk": 526,
    "model": "edu.professor",
    "fields": {
      "pessoa_fisica": 7271
    }
  },
  {
    "pk": 527,
    "model": "edu.professor",
    "fields": {
      "pessoa_fisica": 559
    }
  },
  {
    "pk": 528,
    "model": "edu.professor",
    "fields": {
      "pessoa_fisica": 110676
    }
  },
  {
    "pk": 529,
    "model": "edu.professor",
    "fields": {
      "pessoa_fisica": 1267
    }
  },
  {
    "pk": 530,
    "model": "edu.professor",
    "fields": {
      "pessoa_fisica": 477
    }
  },
  {
    "pk": 531,
    "model": "edu.professor",
    "fields": {
      "pessoa_fisica": 106082
    }
  },
  {
    "pk": 532,
    "model": "edu.professor",
    "fields": {
      "pessoa_fisica": 7468
    }
  },
  {
    "pk": 533,
    "model": "edu.professor",
    "fields": {
      "pessoa_fisica": 114191
    }
  },
  {
    "pk": 534,
    "model": "edu.professor",
    "fields": {
      "pessoa_fisica": 4033
    }
  },
  {
    "pk": 535,
    "model": "edu.professor",
    "fields": {
      "pessoa_fisica": 395
    }
  },
  {
    "pk": 536,
    "model": "edu.professor",
    "fields": {
      "pessoa_fisica": 9281
    }
  },
  {
    "pk": 537,
    "model": "edu.professor",
    "fields": {
      "pessoa_fisica": 4035
    }
  },
  {
    "pk": 538,
    "model": "edu.professor",
    "fields": {
      "pessoa_fisica": 7602
    }
  },
  {
    "pk": 539,
    "model": "edu.professor",
    "fields": {
      "pessoa_fisica": 865
    }
  },
  {
    "pk": 540,
    "model": "edu.professor",
    "fields": {
      "pessoa_fisica": 1916
    }
  },
  {
    "pk": 541,
    "model": "edu.professor",
    "fields": {
      "pessoa_fisica": 1314
    }
  },
  {
    "pk": 542,
    "model": "edu.professor",
    "fields": {
      "pessoa_fisica": 6808
    }
  },
  {
    "pk": 543,
    "model": "edu.professor",
    "fields": {
      "pessoa_fisica": 2468
    }
  },
  {
    "pk": 544,
    "model": "edu.professor",
    "fields": {
      "pessoa_fisica": 115780
    }
  },
  {
    "pk": 545,
    "model": "edu.professor",
    "fields": {
      "pessoa_fisica": 209
    }
  },
  {
    "pk": 546,
    "model": "edu.professor",
    "fields": {
      "pessoa_fisica": 537
    }
  },
  {
    "pk": 547,
    "model": "edu.professor",
    "fields": {
      "pessoa_fisica": 505
    }
  },
  {
    "pk": 548,
    "model": "edu.professor",
    "fields": {
      "pessoa_fisica": 989
    }
  },
  {
    "pk": 549,
    "model": "edu.professor",
    "fields": {
      "pessoa_fisica": 4027
    }
  },
  {
    "pk": 550,
    "model": "edu.professor",
    "fields": {
      "pessoa_fisica": 806
    }
  },
  {
    "pk": 551,
    "model": "edu.professor",
    "fields": {
      "pessoa_fisica": 1917
    }
  },
  {
    "pk": 552,
    "model": "edu.professor",
    "fields": {
      "pessoa_fisica": 540
    }
  },
  {
    "pk": 553,
    "model": "edu.professor",
    "fields": {
      "pessoa_fisica": 830
    }
  },
  {
    "pk": 554,
    "model": "edu.professor",
    "fields": {
      "pessoa_fisica": 943
    }
  },
  {
    "pk": 555,
    "model": "edu.professor",
    "fields": {
      "pessoa_fisica": 4242
    }
  },
  {
    "pk": 556,
    "model": "edu.professor",
    "fields": {
      "pessoa_fisica": 590
    }
  },
  {
    "pk": 557,
    "model": "edu.professor",
    "fields": {
      "pessoa_fisica": 1919
    }
  },
  {
    "pk": 558,
    "model": "edu.professor",
    "fields": {
      "pessoa_fisica": 1920
    }
  },
  {
    "pk": 559,
    "model": "edu.professor",
    "fields": {
      "pessoa_fisica": 114818
    }
  },
  {
    "pk": 560,
    "model": "edu.professor",
    "fields": {
      "pessoa_fisica": 4379
    }
  },
  {
    "pk": 561,
    "model": "edu.professor",
    "fields": {
      "pessoa_fisica": 562
    }
  },
  {
    "pk": 562,
    "model": "edu.professor",
    "fields": {
      "pessoa_fisica": 1404
    }
  },
  {
    "pk": 4,
    "model": "edu.professor",
    "fields": {
      "pessoa_fisica": 999
    }
  },
  {
    "pk": 563,
    "model": "edu.professor",
    "fields": {
      "pessoa_fisica": 2214
    }
  },
  {
    "pk": 564,
    "model": "edu.professor",
    "fields": {
      "pessoa_fisica": 1922
    }
  },
  {
    "pk": 565,
    "model": "edu.professor",
    "fields": {
      "pessoa_fisica": 541
    }
  },
  {
    "pk": 566,
    "model": "edu.professor",
    "fields": {
      "pessoa_fisica": 8732
    }
  },
  {
    "pk": 567,
    "model": "edu.professor",
    "fields": {
      "pessoa_fisica": 114160
    }
  },
  {
    "pk": 568,
    "model": "edu.professor",
    "fields": {
      "pessoa_fisica": 5788
    }
  },
  {
    "pk": 569,
    "model": "edu.professor",
    "fields": {
      "pessoa_fisica": 148
    }
  },
  {
    "pk": 570,
    "model": "edu.professor",
    "fields": {
      "pessoa_fisica": 114167
    }
  },
  {
    "pk": 571,
    "model": "edu.professor",
    "fields": {
      "pessoa_fisica": 7526
    }
  },
  {
    "pk": 572,
    "model": "edu.professor",
    "fields": {
      "pessoa_fisica": 479
    }
  },
  {
    "pk": 573,
    "model": "edu.professor",
    "fields": {
      "pessoa_fisica": 5703
    }
  },
  {
    "pk": 574,
    "model": "edu.professor",
    "fields": {
      "pessoa_fisica": 126950
    }
  },
  {
    "pk": 575,
    "model": "edu.professor",
    "fields": {
      "pessoa_fisica": 115254
    }
  },
  {
    "pk": 576,
    "model": "edu.professor",
    "fields": {
      "pessoa_fisica": 4209
    }
  },
  {
    "pk": 577,
    "model": "edu.professor",
    "fields": {
      "pessoa_fisica": 8294
    }
  },
  {
    "pk": 578,
    "model": "edu.professor",
    "fields": {
      "pessoa_fisica": 7609
    }
  },
  {
    "pk": 579,
    "model": "edu.professor",
    "fields": {
      "pessoa_fisica": 929
    }
  },
  {
    "pk": 580,
    "model": "edu.professor",
    "fields": {
      "pessoa_fisica": 7343
    }
  },
  {
    "pk": 581,
    "model": "edu.professor",
    "fields": {
      "pessoa_fisica": 888
    }
  },
  {
    "pk": 582,
    "model": "edu.professor",
    "fields": {
      "pessoa_fisica": 114171
    }
  },
  {
    "pk": 583,
    "model": "edu.professor",
    "fields": {
      "pessoa_fisica": 106390
    }
  },
  {
    "pk": 584,
    "model": "edu.professor",
    "fields": {
      "pessoa_fisica": 114150
    }
  },
  {
    "pk": 585,
    "model": "edu.professor",
    "fields": {
      "pessoa_fisica": 150
    }
  },
  {
    "pk": 586,
    "model": "edu.professor",
    "fields": {
      "pessoa_fisica": 4103
    }
  },
  {
    "pk": 587,
    "model": "edu.professor",
    "fields": {
      "pessoa_fisica": 34221
    }
  },
  {
    "pk": 588,
    "model": "edu.professor",
    "fields": {
      "pessoa_fisica": 1040
    }
  },
  {
    "pk": 589,
    "model": "edu.professor",
    "fields": {
      "pessoa_fisica": 1274
    }
  },
  {
    "pk": 590,
    "model": "edu.professor",
    "fields": {
      "pessoa_fisica": 649
    }
  },
  {
    "pk": 591,
    "model": "edu.professor",
    "fields": {
      "pessoa_fisica": 589
    }
  },
  {
    "pk": 592,
    "model": "edu.professor",
    "fields": {
      "pessoa_fisica": 1228
    }
  },
  {
    "pk": 593,
    "model": "edu.professor",
    "fields": {
      "pessoa_fisica": 128752
    }
  },
  {
    "pk": 594,
    "model": "edu.professor",
    "fields": {
      "pessoa_fisica": 4860
    }
  },
  {
    "pk": 595,
    "model": "edu.professor",
    "fields": {
      "pessoa_fisica": 124947
    }
  },
  {
    "pk": 596,
    "model": "edu.professor",
    "fields": {
      "pessoa_fisica": 7478
    }
  },
  {
    "pk": 597,
    "model": "edu.professor",
    "fields": {
      "pessoa_fisica": 7483
    }
  },
  {
    "pk": 598,
    "model": "edu.professor",
    "fields": {
      "pessoa_fisica": 9286
    }
  },
  {
    "pk": 599,
    "model": "edu.professor",
    "fields": {
      "pessoa_fisica": 1051
    }
  },
  {
    "pk": 600,
    "model": "edu.professor",
    "fields": {
      "pessoa_fisica": 6346
    }
  },
  {
    "pk": 601,
    "model": "edu.professor",
    "fields": {
      "pessoa_fisica": 7027
    }
  },
  {
    "pk": 602,
    "model": "edu.professor",
    "fields": {
      "pessoa_fisica": 9701
    }
  },
  {
    "pk": 603,
    "model": "edu.professor",
    "fields": {
      "pessoa_fisica": 127673
    }
  },
  {
    "pk": 604,
    "model": "edu.professor",
    "fields": {
      "pessoa_fisica": 533
    }
  },
  {
    "pk": 605,
    "model": "edu.professor",
    "fields": {
      "pessoa_fisica": 127631
    }
  },
  {
    "pk": 606,
    "model": "edu.professor",
    "fields": {
      "pessoa_fisica": 114181
    }
  },
  {
    "pk": 607,
    "model": "edu.professor",
    "fields": {
      "pessoa_fisica": 173
    }
  },
  {
    "pk": 608,
    "model": "edu.professor",
    "fields": {
      "pessoa_fisica": 110617
    }
  },
  {
    "pk": 609,
    "model": "edu.professor",
    "fields": {
      "pessoa_fisica": 109835
    }
  },
  {
    "pk": 610,
    "model": "edu.professor",
    "fields": {
      "pessoa_fisica": 115230
    }
  },
  {
    "pk": 611,
    "model": "edu.professor",
    "fields": {
      "pessoa_fisica": 428
    }
  },
  {
    "pk": 612,
    "model": "edu.professor",
    "fields": {
      "pessoa_fisica": 1931
    }
  },
  {
    "pk": 613,
    "model": "edu.professor",
    "fields": {
      "pessoa_fisica": 1932
    }
  },
  {
    "pk": 614,
    "model": "edu.professor",
    "fields": {
      "pessoa_fisica": 1041
    }
  },
  {
    "pk": 615,
    "model": "edu.professor",
    "fields": {
      "pessoa_fisica": 4053
    }
  },
  {
    "pk": 616,
    "model": "edu.professor",
    "fields": {
      "pessoa_fisica": 123422
    }
  },
  {
    "pk": 617,
    "model": "edu.professor",
    "fields": {
      "pessoa_fisica": 4214
    }
  },
  {
    "pk": 618,
    "model": "edu.professor",
    "fields": {
      "pessoa_fisica": 7520
    }
  },
  {
    "pk": 619,
    "model": "edu.professor",
    "fields": {
      "pessoa_fisica": 1104
    }
  },
  {
    "pk": 620,
    "model": "edu.professor",
    "fields": {
      "pessoa_fisica": 4087
    }
  },
  {
    "pk": 621,
    "model": "edu.professor",
    "fields": {
      "pessoa_fisica": 7260
    }
  },
  {
    "pk": 622,
    "model": "edu.professor",
    "fields": {
      "pessoa_fisica": 1113
    }
  },
  {
    "pk": 623,
    "model": "edu.professor",
    "fields": {
      "pessoa_fisica": 125581
    }
  },
  {
    "pk": 624,
    "model": "edu.professor",
    "fields": {
      "pessoa_fisica": 4410
    }
  },
  {
    "pk": 625,
    "model": "edu.professor",
    "fields": {
      "pessoa_fisica": 4544
    }
  },
  {
    "pk": 626,
    "model": "edu.professor",
    "fields": {
      "pessoa_fisica": 7034
    }
  },
  {
    "pk": 627,
    "model": "edu.professor",
    "fields": {
      "pessoa_fisica": 994
    }
  },
  {
    "pk": 628,
    "model": "edu.professor",
    "fields": {
      "pessoa_fisica": 9277
    }
  },
  {
    "pk": 629,
    "model": "edu.professor",
    "fields": {
      "pessoa_fisica": 10481
    }
  },
  {
    "pk": 630,
    "model": "edu.professor",
    "fields": {
      "pessoa_fisica": 7804
    }
  },
  {
    "pk": 631,
    "model": "edu.professor",
    "fields": {
      "pessoa_fisica": 126705
    }
  },
  {
    "pk": 632,
    "model": "edu.professor",
    "fields": {
      "pessoa_fisica": 8573
    }
  },
  {
    "pk": 633,
    "model": "edu.professor",
    "fields": {
      "pessoa_fisica": 5702
    }
  },
  {
    "pk": 634,
    "model": "edu.professor",
    "fields": {
      "pessoa_fisica": 228
    }
  },
  {
    "pk": 635,
    "model": "edu.professor",
    "fields": {
      "pessoa_fisica": 871
    }
  },
  {
    "pk": 636,
    "model": "edu.professor",
    "fields": {
      "pessoa_fisica": 2216
    }
  },
  {
    "pk": 637,
    "model": "edu.professor",
    "fields": {
      "pessoa_fisica": 128453
    }
  },
  {
    "pk": 638,
    "model": "edu.professor",
    "fields": {
      "pessoa_fisica": 114164
    }
  },
  {
    "pk": 639,
    "model": "edu.professor",
    "fields": {
      "pessoa_fisica": 1935
    }
  },
  {
    "pk": 640,
    "model": "edu.professor",
    "fields": {
      "pessoa_fisica": 110684
    }
  },
  {
    "pk": 641,
    "model": "edu.professor",
    "fields": {
      "pessoa_fisica": 7611
    }
  },
  {
    "pk": 642,
    "model": "edu.professor",
    "fields": {
      "pessoa_fisica": 106299
    }
  },
  {
    "pk": 643,
    "model": "edu.professor",
    "fields": {
      "pessoa_fisica": 4703
    }
  },
  {
    "pk": 644,
    "model": "edu.professor",
    "fields": {
      "pessoa_fisica": 1105
    }
  },
  {
    "pk": 645,
    "model": "edu.professor",
    "fields": {
      "pessoa_fisica": 109963
    }
  },
  {
    "pk": 646,
    "model": "edu.professor",
    "fields": {
      "pessoa_fisica": 1937
    }
  },
  {
    "pk": 647,
    "model": "edu.professor",
    "fields": {
      "pessoa_fisica": 724
    }
  },
  {
    "pk": 648,
    "model": "edu.professor",
    "fields": {
      "pessoa_fisica": 7469
    }
  },
  {
    "pk": 649,
    "model": "edu.professor",
    "fields": {
      "pessoa_fisica": 211
    }
  },
  {
    "pk": 650,
    "model": "edu.professor",
    "fields": {
      "pessoa_fisica": 407
    }
  },
  {
    "pk": 651,
    "model": "edu.professor",
    "fields": {
      "pessoa_fisica": 498
    }
  },
  {
    "pk": 652,
    "model": "edu.professor",
    "fields": {
      "pessoa_fisica": 98187
    }
  },
  {
    "pk": 653,
    "model": "edu.professor",
    "fields": {
      "pessoa_fisica": 110682
    }
  },
  {
    "pk": 654,
    "model": "edu.professor",
    "fields": {
      "pessoa_fisica": 6666
    }
  },
  {
    "pk": 655,
    "model": "edu.professor",
    "fields": {
      "pessoa_fisica": 4078
    }
  },
  {
    "pk": 656,
    "model": "edu.professor",
    "fields": {
      "pessoa_fisica": 4056
    }
  },
  {
    "pk": 657,
    "model": "edu.professor",
    "fields": {
      "pessoa_fisica": 1272
    }
  },
  {
    "pk": 658,
    "model": "edu.professor",
    "fields": {
      "pessoa_fisica": 114183
    }
  },
  {
    "pk": 659,
    "model": "edu.professor",
    "fields": {
      "pessoa_fisica": 97722
    }
  },
  {
    "pk": 660,
    "model": "edu.professor",
    "fields": {
      "pessoa_fisica": 129972
    }
  },
  {
    "pk": 661,
    "model": "edu.professor",
    "fields": {
      "pessoa_fisica": 2215
    }
  },
  {
    "pk": 662,
    "model": "edu.professor",
    "fields": {
      "pessoa_fisica": 110041
    }
  },
  {
    "pk": 663,
    "model": "edu.professor",
    "fields": {
      "pessoa_fisica": 1941
    }
  },
  {
    "pk": 664,
    "model": "edu.professor",
    "fields": {
      "pessoa_fisica": 716
    }
  },
  {
    "pk": 665,
    "model": "edu.professor",
    "fields": {
      "pessoa_fisica": 7532
    }
  },
  {
    "pk": 666,
    "model": "edu.professor",
    "fields": {
      "pessoa_fisica": 115127
    }
  },
  {
    "pk": 667,
    "model": "edu.professor",
    "fields": {
      "pessoa_fisica": 6177
    }
  },
  {
    "pk": 668,
    "model": "edu.professor",
    "fields": {
      "pessoa_fisica": 4201
    }
  },
  {
    "pk": 669,
    "model": "edu.professor",
    "fields": {
      "pessoa_fisica": 4084
    }
  },
  {
    "pk": 670,
    "model": "edu.professor",
    "fields": {
      "pessoa_fisica": 126702
    }
  },
  {
    "pk": 671,
    "model": "edu.professor",
    "fields": {
      "pessoa_fisica": 114169
    }
  },
  {
    "pk": 672,
    "model": "edu.professor",
    "fields": {
      "pessoa_fisica": 9292
    }
  },
  {
    "pk": 673,
    "model": "edu.professor",
    "fields": {
      "pessoa_fisica": 115238
    }
  },
  {
    "pk": 674,
    "model": "edu.professor",
    "fields": {
      "pessoa_fisica": 1237
    }
  },
  {
    "pk": 675,
    "model": "edu.professor",
    "fields": {
      "pessoa_fisica": 128531
    }
  },
  {
    "pk": 676,
    "model": "edu.professor",
    "fields": {
      "pessoa_fisica": 8725
    }
  },
  {
    "pk": 677,
    "model": "edu.professor",
    "fields": {
      "pessoa_fisica": 6424
    }
  },
  {
    "pk": 678,
    "model": "edu.professor",
    "fields": {
      "pessoa_fisica": 5789
    }
  },
  {
    "pk": 679,
    "model": "edu.professor",
    "fields": {
      "pessoa_fisica": 719
    }
  },
  {
    "pk": 680,
    "model": "edu.professor",
    "fields": {
      "pessoa_fisica": 7057
    }
  },
  {
    "pk": 682,
    "model": "edu.professor",
    "fields": {
      "pessoa_fisica": 128013
    }
  },
  {
    "pk": 681,
    "model": "edu.professor",
    "fields": {
      "pessoa_fisica": 7466
    }
  },
  {
    "pk": 683,
    "model": "edu.professor",
    "fields": {
      "pessoa_fisica": 7543
    }
  },
  {
    "pk": 684,
    "model": "edu.professor",
    "fields": {
      "pessoa_fisica": 362
    }
  },
  {
    "pk": 685,
    "model": "edu.professor",
    "fields": {
      "pessoa_fisica": 162
    }
  },
  {
    "pk": 686,
    "model": "edu.professor",
    "fields": {
      "pessoa_fisica": 7051
    }
  },
  {
    "pk": 687,
    "model": "edu.professor",
    "fields": {
      "pessoa_fisica": 6166
    }
  },
  {
    "pk": 688,
    "model": "edu.professor",
    "fields": {
      "pessoa_fisica": 7513
    }
  },
  {
    "pk": 689,
    "model": "edu.professor",
    "fields": {
      "pessoa_fisica": 4412
    }
  },
  {
    "pk": 690,
    "model": "edu.professor",
    "fields": {
      "pessoa_fisica": 4079
    }
  },
  {
    "pk": 691,
    "model": "edu.professor",
    "fields": {
      "pessoa_fisica": 953
    }
  },
  {
    "pk": 692,
    "model": "edu.professor",
    "fields": {
      "pessoa_fisica": 1035
    }
  },
  {
    "pk": 693,
    "model": "edu.professor",
    "fields": {
      "pessoa_fisica": 809
    }
  },
  {
    "pk": 694,
    "model": "edu.professor",
    "fields": {
      "pessoa_fisica": 208
    }
  },
  {
    "pk": 695,
    "model": "edu.professor",
    "fields": {
      "pessoa_fisica": 591
    }
  },
  {
    "pk": 696,
    "model": "edu.professor",
    "fields": {
      "pessoa_fisica": 210
    }
  },
  {
    "pk": 697,
    "model": "edu.professor",
    "fields": {
      "pessoa_fisica": 6169
    }
  },
  {
    "pk": 698,
    "model": "edu.professor",
    "fields": {
      "pessoa_fisica": 7806
    }
  },
  {
    "pk": 699,
    "model": "edu.professor",
    "fields": {
      "pessoa_fisica": 115135
    }
  },
  {
    "pk": 700,
    "model": "edu.professor",
    "fields": {
      "pessoa_fisica": 5708
    }
  },
  {
    "pk": 701,
    "model": "edu.professor",
    "fields": {
      "pessoa_fisica": 5868
    }
  },
  {
    "pk": 702,
    "model": "edu.professor",
    "fields": {
      "pessoa_fisica": 1379
    }
  },
  {
    "pk": 703,
    "model": "edu.professor",
    "fields": {
      "pessoa_fisica": 4228
    }
  },
  {
    "pk": 704,
    "model": "edu.professor",
    "fields": {
      "pessoa_fisica": 110222
    }
  },
  {
    "pk": 705,
    "model": "edu.professor",
    "fields": {
      "pessoa_fisica": 1273
    }
  },
  {
    "pk": 706,
    "model": "edu.professor",
    "fields": {
      "pessoa_fisica": 986
    }
  },
  {
    "pk": 707,
    "model": "edu.professor",
    "fields": {
      "pessoa_fisica": 6788
    }
  },
  {
    "pk": 708,
    "model": "edu.professor",
    "fields": {
      "pessoa_fisica": 6426
    }
  },
  {
    "pk": 709,
    "model": "edu.professor",
    "fields": {
      "pessoa_fisica": 110687
    }
  },
  {
    "pk": 710,
    "model": "edu.professor",
    "fields": {
      "pessoa_fisica": 9298
    }
  },
  {
    "pk": 711,
    "model": "edu.professor",
    "fields": {
      "pessoa_fisica": 97583
    }
  },
  {
    "pk": 712,
    "model": "edu.professor",
    "fields": {
      "pessoa_fisica": 985
    }
  },
  {
    "pk": 713,
    "model": "edu.professor",
    "fields": {
      "pessoa_fisica": 1235
    }
  },
  {
    "pk": 1060,
    "model": "edu.professor",
    "fields": {
      "pessoa_fisica": 10571
    }
  },
  {
    "pk": 714,
    "model": "edu.professor",
    "fields": {
      "pessoa_fisica": 8733
    }
  },
  {
    "pk": 715,
    "model": "edu.professor",
    "fields": {
      "pessoa_fisica": 4100
    }
  },
  {
    "pk": 716,
    "model": "edu.professor",
    "fields": {
      "pessoa_fisica": 2920
    }
  },
  {
    "pk": 717,
    "model": "edu.professor",
    "fields": {
      "pessoa_fisica": 4208
    }
  },
  {
    "pk": 718,
    "model": "edu.professor",
    "fields": {
      "pessoa_fisica": 718
    }
  },
  {
    "pk": 719,
    "model": "edu.professor",
    "fields": {
      "pessoa_fisica": 36227
    }
  },
  {
    "pk": 720,
    "model": "edu.professor",
    "fields": {
      "pessoa_fisica": 1206
    }
  },
  {
    "pk": 721,
    "model": "edu.professor",
    "fields": {
      "pessoa_fisica": 1117
    }
  },
  {
    "pk": 722,
    "model": "edu.professor",
    "fields": {
      "pessoa_fisica": 8730
    }
  },
  {
    "pk": 723,
    "model": "edu.professor",
    "fields": {
      "pessoa_fisica": 4218
    }
  },
  {
    "pk": 724,
    "model": "edu.professor",
    "fields": {
      "pessoa_fisica": 4040
    }
  },
  {
    "pk": 725,
    "model": "edu.professor",
    "fields": {
      "pessoa_fisica": 1261
    }
  },
  {
    "pk": 726,
    "model": "edu.professor",
    "fields": {
      "pessoa_fisica": 205
    }
  },
  {
    "pk": 727,
    "model": "edu.professor",
    "fields": {
      "pessoa_fisica": 893
    }
  },
  {
    "pk": 728,
    "model": "edu.professor",
    "fields": {
      "pessoa_fisica": 107690
    }
  },
  {
    "pk": 729,
    "model": "edu.professor",
    "fields": {
      "pessoa_fisica": 110310
    }
  },
  {
    "pk": 730,
    "model": "edu.professor",
    "fields": {
      "pessoa_fisica": 749
    }
  },
  {
    "pk": 731,
    "model": "edu.professor",
    "fields": {
      "pessoa_fisica": 8720
    }
  },
  {
    "pk": 732,
    "model": "edu.professor",
    "fields": {
      "pessoa_fisica": 7712
    }
  },
  {
    "pk": 733,
    "model": "edu.professor",
    "fields": {
      "pessoa_fisica": 110185
    }
  },
  {
    "pk": 734,
    "model": "edu.professor",
    "fields": {
      "pessoa_fisica": 4241
    }
  },
  {
    "pk": 735,
    "model": "edu.professor",
    "fields": {
      "pessoa_fisica": 7528
    }
  },
  {
    "pk": 736,
    "model": "edu.professor",
    "fields": {
      "pessoa_fisica": 1135
    }
  },
  {
    "pk": 737,
    "model": "edu.professor",
    "fields": {
      "pessoa_fisica": 7173
    }
  },
  {
    "pk": 738,
    "model": "edu.professor",
    "fields": {
      "pessoa_fisica": 1948
    }
  },
  {
    "pk": 739,
    "model": "edu.professor",
    "fields": {
      "pessoa_fisica": 679
    }
  },
  {
    "pk": 740,
    "model": "edu.professor",
    "fields": {
      "pessoa_fisica": 4055
    }
  },
  {
    "pk": 741,
    "model": "edu.professor",
    "fields": {
      "pessoa_fisica": 114199
    }
  },
  {
    "pk": 742,
    "model": "edu.professor",
    "fields": {
      "pessoa_fisica": 7803
    }
  },
  {
    "pk": 743,
    "model": "edu.professor",
    "fields": {
      "pessoa_fisica": 675
    }
  },
  {
    "pk": 744,
    "model": "edu.professor",
    "fields": {
      "pessoa_fisica": 115119
    }
  },
  {
    "pk": 745,
    "model": "edu.professor",
    "fields": {
      "pessoa_fisica": 8722
    }
  },
  {
    "pk": 746,
    "model": "edu.professor",
    "fields": {
      "pessoa_fisica": 6168
    }
  },
  {
    "pk": 747,
    "model": "edu.professor",
    "fields": {
      "pessoa_fisica": 10
    }
  },
  {
    "pk": 748,
    "model": "edu.professor",
    "fields": {
      "pessoa_fisica": 405
    }
  },
  {
    "pk": 749,
    "model": "edu.professor",
    "fields": {
      "pessoa_fisica": 663
    }
  },
  {
    "pk": 750,
    "model": "edu.professor",
    "fields": {
      "pessoa_fisica": 115255
    }
  },
  {
    "pk": 751,
    "model": "edu.professor",
    "fields": {
      "pessoa_fisica": 1402
    }
  },
  {
    "pk": 752,
    "model": "edu.professor",
    "fields": {
      "pessoa_fisica": 4022
    }
  },
  {
    "pk": 753,
    "model": "edu.professor",
    "fields": {
      "pessoa_fisica": 6803
    }
  },
  {
    "pk": 754,
    "model": "edu.professor",
    "fields": {
      "pessoa_fisica": 1951
    }
  },
  {
    "pk": 755,
    "model": "edu.professor",
    "fields": {
      "pessoa_fisica": 1952
    }
  },
  {
    "pk": 756,
    "model": "edu.professor",
    "fields": {
      "pessoa_fisica": 4215
    }
  },
  {
    "pk": 757,
    "model": "edu.professor",
    "fields": {
      "pessoa_fisica": 1164
    }
  },
  {
    "pk": 758,
    "model": "edu.professor",
    "fields": {
      "pessoa_fisica": 4060
    }
  },
  {
    "pk": 759,
    "model": "edu.professor",
    "fields": {
      "pessoa_fisica": 109839
    }
  },
  {
    "pk": 760,
    "model": "edu.professor",
    "fields": {
      "pessoa_fisica": 114204
    }
  },
  {
    "pk": 761,
    "model": "edu.professor",
    "fields": {
      "pessoa_fisica": 34400
    }
  },
  {
    "pk": 762,
    "model": "edu.professor",
    "fields": {
      "pessoa_fisica": 114197
    }
  },
  {
    "pk": 763,
    "model": "edu.professor",
    "fields": {
      "pessoa_fisica": 4046
    }
  },
  {
    "pk": 764,
    "model": "edu.professor",
    "fields": {
      "pessoa_fisica": 1172
    }
  },
  {
    "pk": 765,
    "model": "edu.professor",
    "fields": {
      "pessoa_fisica": 504
    }
  },
  {
    "pk": 766,
    "model": "edu.professor",
    "fields": {
      "pessoa_fisica": 714
    }
  },
  {
    "pk": 767,
    "model": "edu.professor",
    "fields": {
      "pessoa_fisica": 125668
    }
  },
  {
    "pk": 768,
    "model": "edu.professor",
    "fields": {
      "pessoa_fisica": 4862
    }
  },
  {
    "pk": 769,
    "model": "edu.professor",
    "fields": {
      "pessoa_fisica": 2754
    }
  },
  {
    "pk": 770,
    "model": "edu.professor",
    "fields": {
      "pessoa_fisica": 1181
    }
  },
  {
    "pk": 771,
    "model": "edu.professor",
    "fields": {
      "pessoa_fisica": 660
    }
  },
  {
    "pk": 772,
    "model": "edu.professor",
    "fields": {
      "pessoa_fisica": 4244
    }
  },
  {
    "pk": 773,
    "model": "edu.professor",
    "fields": {
      "pessoa_fisica": 901
    }
  },
  {
    "pk": 774,
    "model": "edu.professor",
    "fields": {
      "pessoa_fisica": 114178
    }
  },
  {
    "pk": 775,
    "model": "edu.professor",
    "fields": {
      "pessoa_fisica": 1187
    }
  },
  {
    "pk": 776,
    "model": "edu.professor",
    "fields": {
      "pessoa_fisica": 1260
    }
  },
  {
    "pk": 777,
    "model": "edu.professor",
    "fields": {
      "pessoa_fisica": 34223
    }
  },
  {
    "pk": 778,
    "model": "edu.professor",
    "fields": {
      "pessoa_fisica": 956
    }
  },
  {
    "pk": 779,
    "model": "edu.professor",
    "fields": {
      "pessoa_fisica": 115237
    }
  },
  {
    "pk": 780,
    "model": "edu.professor",
    "fields": {
      "pessoa_fisica": 2222
    }
  },
  {
    "pk": 781,
    "model": "edu.professor",
    "fields": {
      "pessoa_fisica": 1957
    }
  },
  {
    "pk": 782,
    "model": "edu.professor",
    "fields": {
      "pessoa_fisica": 9280
    }
  },
  {
    "pk": 783,
    "model": "edu.professor",
    "fields": {
      "pessoa_fisica": 5791
    }
  },
  {
    "pk": 784,
    "model": "edu.professor",
    "fields": {
      "pessoa_fisica": 115245
    }
  },
  {
    "pk": 785,
    "model": "edu.professor",
    "fields": {
      "pessoa_fisica": 10626
    }
  },
  {
    "pk": 786,
    "model": "edu.professor",
    "fields": {
      "pessoa_fisica": 4099
    }
  },
  {
    "pk": 787,
    "model": "edu.professor",
    "fields": {
      "pessoa_fisica": 114190
    }
  },
  {
    "pk": 788,
    "model": "edu.professor",
    "fields": {
      "pessoa_fisica": 1958
    }
  },
  {
    "pk": 789,
    "model": "edu.professor",
    "fields": {
      "pessoa_fisica": 604
    }
  },
  {
    "pk": 790,
    "model": "edu.professor",
    "fields": {
      "pessoa_fisica": 6427
    }
  },
  {
    "pk": 791,
    "model": "edu.professor",
    "fields": {
      "pessoa_fisica": 4072
    }
  },
  {
    "pk": 792,
    "model": "edu.professor",
    "fields": {
      "pessoa_fisica": 115234
    }
  },
  {
    "pk": 793,
    "model": "edu.professor",
    "fields": {
      "pessoa_fisica": 114175
    }
  },
  {
    "pk": 794,
    "model": "edu.professor",
    "fields": {
      "pessoa_fisica": 7521
    }
  },
  {
    "pk": 795,
    "model": "edu.professor",
    "fields": {
      "pessoa_fisica": 4024
    }
  },
  {
    "pk": 796,
    "model": "edu.professor",
    "fields": {
      "pessoa_fisica": 2171
    }
  },
  {
    "pk": 797,
    "model": "edu.professor",
    "fields": {
      "pessoa_fisica": 106139
    }
  },
  {
    "pk": 798,
    "model": "edu.professor",
    "fields": {
      "pessoa_fisica": 4207
    }
  },
  {
    "pk": 799,
    "model": "edu.professor",
    "fields": {
      "pessoa_fisica": 11139
    }
  },
  {
    "pk": 800,
    "model": "edu.professor",
    "fields": {
      "pessoa_fisica": 4059
    }
  },
  {
    "pk": 801,
    "model": "edu.professor",
    "fields": {
      "pessoa_fisica": 2170
    }
  },
  {
    "pk": 802,
    "model": "edu.professor",
    "fields": {
      "pessoa_fisica": 7
    }
  },
  {
    "pk": 803,
    "model": "edu.professor",
    "fields": {
      "pessoa_fisica": 545
    }
  },
  {
    "pk": 804,
    "model": "edu.professor",
    "fields": {
      "pessoa_fisica": 980
    }
  },
  {
    "pk": 805,
    "model": "edu.professor",
    "fields": {
      "pessoa_fisica": 115241
    }
  },
  {
    "pk": 806,
    "model": "edu.professor",
    "fields": {
      "pessoa_fisica": 4226
    }
  },
  {
    "pk": 807,
    "model": "edu.professor",
    "fields": {
      "pessoa_fisica": 114154
    }
  },
  {
    "pk": 808,
    "model": "edu.professor",
    "fields": {
      "pessoa_fisica": 36228
    }
  },
  {
    "pk": 809,
    "model": "edu.professor",
    "fields": {
      "pessoa_fisica": 7033
    }
  },
  {
    "pk": 810,
    "model": "edu.professor",
    "fields": {
      "pessoa_fisica": 4548
    }
  },
  {
    "pk": 811,
    "model": "edu.professor",
    "fields": {
      "pessoa_fisica": 7719
    }
  },
  {
    "pk": 812,
    "model": "edu.professor",
    "fields": {
      "pessoa_fisica": 97579
    }
  },
  {
    "pk": 813,
    "model": "edu.professor",
    "fields": {
      "pessoa_fisica": 1393
    }
  },
  {
    "pk": 814,
    "model": "edu.professor",
    "fields": {
      "pessoa_fisica": 2367
    }
  },
  {
    "pk": 815,
    "model": "edu.professor",
    "fields": {
      "pessoa_fisica": 1215
    }
  },
  {
    "pk": 816,
    "model": "edu.professor",
    "fields": {
      "pessoa_fisica": 2211
    }
  },
  {
    "pk": 817,
    "model": "edu.professor",
    "fields": {
      "pessoa_fisica": 7614
    }
  },
  {
    "pk": 818,
    "model": "edu.professor",
    "fields": {
      "pessoa_fisica": 713
    }
  },
  {
    "pk": 819,
    "model": "edu.professor",
    "fields": {
      "pessoa_fisica": 955
    }
  },
  {
    "pk": 820,
    "model": "edu.professor",
    "fields": {
      "pessoa_fisica": 1224
    }
  },
  {
    "pk": 821,
    "model": "edu.professor",
    "fields": {
      "pessoa_fisica": 349
    }
  },
  {
    "pk": 822,
    "model": "edu.professor",
    "fields": {
      "pessoa_fisica": 10641
    }
  },
  {
    "pk": 823,
    "model": "edu.professor",
    "fields": {
      "pessoa_fisica": 637
    }
  },
  {
    "pk": 824,
    "model": "edu.professor",
    "fields": {
      "pessoa_fisica": 833
    }
  },
  {
    "pk": 825,
    "model": "edu.professor",
    "fields": {
      "pessoa_fisica": 396
    }
  },
  {
    "pk": 826,
    "model": "edu.professor",
    "fields": {
      "pessoa_fisica": 1394
    }
  },
  {
    "pk": 827,
    "model": "edu.professor",
    "fields": {
      "pessoa_fisica": 128308
    }
  },
  {
    "pk": 828,
    "model": "edu.professor",
    "fields": {
      "pessoa_fisica": 4951
    }
  },
  {
    "pk": 829,
    "model": "edu.professor",
    "fields": {
      "pessoa_fisica": 171
    }
  },
  {
    "pk": 830,
    "model": "edu.professor",
    "fields": {
      "pessoa_fisica": 114173
    }
  },
  {
    "pk": 831,
    "model": "edu.professor",
    "fields": {
      "pessoa_fisica": 7518
    }
  },
  {
    "pk": 832,
    "model": "edu.professor",
    "fields": {
      "pessoa_fisica": 106300
    }
  },
  {
    "pk": 833,
    "model": "edu.professor",
    "fields": {
      "pessoa_fisica": 478
    }
  },
  {
    "pk": 834,
    "model": "edu.professor",
    "fields": {
      "pessoa_fisica": 1173
    }
  },
  {
    "pk": 835,
    "model": "edu.professor",
    "fields": {
      "pessoa_fisica": 6343
    }
  },
  {
    "pk": 836,
    "model": "edu.professor",
    "fields": {
      "pessoa_fisica": 7958
    }
  },
  {
    "pk": 837,
    "model": "edu.professor",
    "fields": {
      "pessoa_fisica": 1317
    }
  },
  {
    "pk": 838,
    "model": "edu.professor",
    "fields": {
      "pessoa_fisica": 110038
    }
  },
  {
    "pk": 839,
    "model": "edu.professor",
    "fields": {
      "pessoa_fisica": 7963
    }
  },
  {
    "pk": 840,
    "model": "edu.professor",
    "fields": {
      "pessoa_fisica": 370
    }
  },
  {
    "pk": 842,
    "model": "edu.professor",
    "fields": {
      "pessoa_fisica": 5775
    }
  },
  {
    "pk": 841,
    "model": "edu.professor",
    "fields": {
      "pessoa_fisica": 862
    }
  },
  {
    "pk": 843,
    "model": "edu.professor",
    "fields": {
      "pessoa_fisica": 9046
    }
  },
  {
    "pk": 844,
    "model": "edu.professor",
    "fields": {
      "pessoa_fisica": 110148
    }
  },
  {
    "pk": 845,
    "model": "edu.professor",
    "fields": {
      "pessoa_fisica": 4061
    }
  },
  {
    "pk": 846,
    "model": "edu.professor",
    "fields": {
      "pessoa_fisica": 4085
    }
  },
  {
    "pk": 847,
    "model": "edu.professor",
    "fields": {
      "pessoa_fisica": 7484
    }
  },
  {
    "pk": 848,
    "model": "edu.professor",
    "fields": {
      "pessoa_fisica": 2472
    }
  },
  {
    "pk": 849,
    "model": "edu.professor",
    "fields": {
      "pessoa_fisica": 1175
    }
  },
  {
    "pk": 850,
    "model": "edu.professor",
    "fields": {
      "pessoa_fisica": 10000
    }
  },
  {
    "pk": 851,
    "model": "edu.professor",
    "fields": {
      "pessoa_fisica": 7056
    }
  },
  {
    "pk": 852,
    "model": "edu.professor",
    "fields": {
      "pessoa_fisica": 107261
    }
  },
  {
    "pk": 853,
    "model": "edu.professor",
    "fields": {
      "pessoa_fisica": 1250
    }
  },
  {
    "pk": 854,
    "model": "edu.professor",
    "fields": {
      "pessoa_fisica": 4043
    }
  },
  {
    "pk": 855,
    "model": "edu.professor",
    "fields": {
      "pessoa_fisica": 9048
    }
  },
  {
    "pk": 856,
    "model": "edu.professor",
    "fields": {
      "pessoa_fisica": 9294
    }
  },
  {
    "pk": 857,
    "model": "edu.professor",
    "fields": {
      "pessoa_fisica": 7058
    }
  },
  {
    "pk": 858,
    "model": "edu.professor",
    "fields": {
      "pessoa_fisica": 38480
    }
  },
  {
    "pk": 859,
    "model": "edu.professor",
    "fields": {
      "pessoa_fisica": 7487
    }
  },
  {
    "pk": 860,
    "model": "edu.professor",
    "fields": {
      "pessoa_fisica": 110304
    }
  },
  {
    "pk": 861,
    "model": "edu.professor",
    "fields": {
      "pessoa_fisica": 4219
    }
  },
  {
    "pk": 862,
    "model": "edu.professor",
    "fields": {
      "pessoa_fisica": 7538
    }
  },
  {
    "pk": 863,
    "model": "edu.professor",
    "fields": {
      "pessoa_fisica": 11137
    }
  },
  {
    "pk": 864,
    "model": "edu.professor",
    "fields": {
      "pessoa_fisica": 1963
    }
  },
  {
    "pk": 865,
    "model": "edu.professor",
    "fields": {
      "pessoa_fisica": 110128
    }
  },
  {
    "pk": 866,
    "model": "edu.professor",
    "fields": {
      "pessoa_fisica": 1964
    }
  },
  {
    "pk": 867,
    "model": "edu.professor",
    "fields": {
      "pessoa_fisica": 110052
    }
  },
  {
    "pk": 868,
    "model": "edu.professor",
    "fields": {
      "pessoa_fisica": 7252
    }
  },
  {
    "pk": 869,
    "model": "edu.professor",
    "fields": {
      "pessoa_fisica": 1319
    }
  },
  {
    "pk": 870,
    "model": "edu.professor",
    "fields": {
      "pessoa_fisica": 6948
    }
  },
  {
    "pk": 871,
    "model": "edu.professor",
    "fields": {
      "pessoa_fisica": 7606
    }
  },
  {
    "pk": 872,
    "model": "edu.professor",
    "fields": {
      "pessoa_fisica": 115235
    }
  },
  {
    "pk": 873,
    "model": "edu.professor",
    "fields": {
      "pessoa_fisica": 115129
    }
  },
  {
    "pk": 874,
    "model": "edu.professor",
    "fields": {
      "pessoa_fisica": 752
    }
  },
  {
    "pk": 875,
    "model": "edu.professor",
    "fields": {
      "pessoa_fisica": 10838
    }
  },
  {
    "pk": 876,
    "model": "edu.professor",
    "fields": {
      "pessoa_fisica": 558
    }
  },
  {
    "pk": 877,
    "model": "edu.professor",
    "fields": {
      "pessoa_fisica": 754
    }
  },
  {
    "pk": 878,
    "model": "edu.professor",
    "fields": {
      "pessoa_fisica": 35605
    }
  },
  {
    "pk": 879,
    "model": "edu.professor",
    "fields": {
      "pessoa_fisica": 1965
    }
  },
  {
    "pk": 880,
    "model": "edu.professor",
    "fields": {
      "pessoa_fisica": 115121
    }
  },
  {
    "pk": 881,
    "model": "edu.professor",
    "fields": {
      "pessoa_fisica": 4063
    }
  },
  {
    "pk": 882,
    "model": "edu.professor",
    "fields": {
      "pessoa_fisica": 34222
    }
  },
  {
    "pk": 883,
    "model": "edu.professor",
    "fields": {
      "pessoa_fisica": 4012
    }
  },
  {
    "pk": 884,
    "model": "edu.professor",
    "fields": {
      "pessoa_fisica": 355
    }
  },
  {
    "pk": 885,
    "model": "edu.professor",
    "fields": {
      "pessoa_fisica": 825
    }
  },
  {
    "pk": 886,
    "model": "edu.professor",
    "fields": {
      "pessoa_fisica": 38260
    }
  },
  {
    "pk": 887,
    "model": "edu.professor",
    "fields": {
      "pessoa_fisica": 803
    }
  },
  {
    "pk": 888,
    "model": "edu.professor",
    "fields": {
      "pessoa_fisica": 7473
    }
  },
  {
    "pk": 889,
    "model": "edu.professor",
    "fields": {
      "pessoa_fisica": 7954
    }
  },
  {
    "pk": 890,
    "model": "edu.professor",
    "fields": {
      "pessoa_fisica": 110179
    }
  },
  {
    "pk": 891,
    "model": "edu.professor",
    "fields": {
      "pessoa_fisica": 110040
    }
  },
  {
    "pk": 892,
    "model": "edu.professor",
    "fields": {
      "pessoa_fisica": 662
    }
  },
  {
    "pk": 893,
    "model": "edu.professor",
    "fields": {
      "pessoa_fisica": 4210
    }
  },
  {
    "pk": 894,
    "model": "edu.professor",
    "fields": {
      "pessoa_fisica": 1234
    }
  },
  {
    "pk": 895,
    "model": "edu.professor",
    "fields": {
      "pessoa_fisica": 7951
    }
  },
  {
    "pk": 896,
    "model": "edu.professor",
    "fields": {
      "pessoa_fisica": 1200
    }
  },
  {
    "pk": 897,
    "model": "edu.professor",
    "fields": {
      "pessoa_fisica": 114148
    }
  },
  {
    "pk": 898,
    "model": "edu.professor",
    "fields": {
      "pessoa_fisica": 1302
    }
  },
  {
    "pk": 899,
    "model": "edu.professor",
    "fields": {
      "pessoa_fisica": 873
    }
  },
  {
    "pk": 900,
    "model": "edu.professor",
    "fields": {
      "pessoa_fisica": 6598
    }
  },
  {
    "pk": 901,
    "model": "edu.professor",
    "fields": {
      "pessoa_fisica": 547
    }
  },
  {
    "pk": 902,
    "model": "edu.professor",
    "fields": {
      "pessoa_fisica": 4406
    }
  },
  {
    "pk": 903,
    "model": "edu.professor",
    "fields": {
      "pessoa_fisica": 36253
    }
  },
  {
    "pk": 904,
    "model": "edu.professor",
    "fields": {
      "pessoa_fisica": 7542
    }
  },
  {
    "pk": 905,
    "model": "edu.professor",
    "fields": {
      "pessoa_fisica": 800
    }
  },
  {
    "pk": 906,
    "model": "edu.professor",
    "fields": {
      "pessoa_fisica": 1970
    }
  },
  {
    "pk": 907,
    "model": "edu.professor",
    "fields": {
      "pessoa_fisica": 486
    }
  },
  {
    "pk": 908,
    "model": "edu.professor",
    "fields": {
      "pessoa_fisica": 363
    }
  },
  {
    "pk": 909,
    "model": "edu.professor",
    "fields": {
      "pessoa_fisica": 1184
    }
  },
  {
    "pk": 910,
    "model": "edu.professor",
    "fields": {
      "pessoa_fisica": 114201
    }
  },
  {
    "pk": 911,
    "model": "edu.professor",
    "fields": {
      "pessoa_fisica": 1034
    }
  },
  {
    "pk": 912,
    "model": "edu.professor",
    "fields": {
      "pessoa_fisica": 4098
    }
  },
  {
    "pk": 913,
    "model": "edu.professor",
    "fields": {
      "pessoa_fisica": 1395
    }
  },
  {
    "pk": 914,
    "model": "edu.professor",
    "fields": {
      "pessoa_fisica": 115247
    }
  },
  {
    "pk": 915,
    "model": "edu.professor",
    "fields": {
      "pessoa_fisica": 683
    }
  },
  {
    "pk": 916,
    "model": "edu.professor",
    "fields": {
      "pessoa_fisica": 34773
    }
  },
  {
    "pk": 917,
    "model": "edu.professor",
    "fields": {
      "pessoa_fisica": 7964
    }
  },
  {
    "pk": 918,
    "model": "edu.professor",
    "fields": {
      "pessoa_fisica": 97528
    }
  },
  {
    "pk": 919,
    "model": "edu.professor",
    "fields": {
      "pessoa_fisica": 7969
    }
  },
  {
    "pk": 920,
    "model": "edu.professor",
    "fields": {
      "pessoa_fisica": 115401
    }
  },
  {
    "pk": 921,
    "model": "edu.professor",
    "fields": {
      "pessoa_fisica": 4092
    }
  },
  {
    "pk": 922,
    "model": "edu.professor",
    "fields": {
      "pessoa_fisica": 4211
    }
  },
  {
    "pk": 923,
    "model": "edu.professor",
    "fields": {
      "pessoa_fisica": 645
    }
  },
  {
    "pk": 924,
    "model": "edu.professor",
    "fields": {
      "pessoa_fisica": 1189
    }
  },
  {
    "pk": 925,
    "model": "edu.professor",
    "fields": {
      "pessoa_fisica": 393
    }
  },
  {
    "pk": 926,
    "model": "edu.professor",
    "fields": {
      "pessoa_fisica": 8724
    }
  },
  {
    "pk": 927,
    "model": "edu.professor",
    "fields": {
      "pessoa_fisica": 755
    }
  },
  {
    "pk": 928,
    "model": "edu.professor",
    "fields": {
      "pessoa_fisica": 268
    }
  },
  {
    "pk": 929,
    "model": "edu.professor",
    "fields": {
      "pessoa_fisica": 4563
    }
  },
  {
    "pk": 930,
    "model": "edu.professor",
    "fields": {
      "pessoa_fisica": 7961
    }
  },
  {
    "pk": 931,
    "model": "edu.professor",
    "fields": {
      "pessoa_fisica": 97721
    }
  },
  {
    "pk": 932,
    "model": "edu.professor",
    "fields": {
      "pessoa_fisica": 6173
    }
  },
  {
    "pk": 933,
    "model": "edu.professor",
    "fields": {
      "pessoa_fisica": 110683
    }
  },
  {
    "pk": 934,
    "model": "edu.professor",
    "fields": {
      "pessoa_fisica": 4062
    }
  },
  {
    "pk": 935,
    "model": "edu.professor",
    "fields": {
      "pessoa_fisica": 1972
    }
  },
  {
    "pk": 936,
    "model": "edu.professor",
    "fields": {
      "pessoa_fisica": 7472
    }
  },
  {
    "pk": 937,
    "model": "edu.professor",
    "fields": {
      "pessoa_fisica": 107556
    }
  },
  {
    "pk": 938,
    "model": "edu.professor",
    "fields": {
      "pessoa_fisica": 336
    }
  },
  {
    "pk": 939,
    "model": "edu.professor",
    "fields": {
      "pessoa_fisica": 114176
    }
  },
  {
    "pk": 940,
    "model": "edu.professor",
    "fields": {
      "pessoa_fisica": 110308
    }
  },
  {
    "pk": 941,
    "model": "edu.professor",
    "fields": {
      "pessoa_fisica": 97894
    }
  },
  {
    "pk": 942,
    "model": "edu.professor",
    "fields": {
      "pessoa_fisica": 1973
    }
  },
  {
    "pk": 943,
    "model": "edu.professor",
    "fields": {
      "pessoa_fisica": 769
    }
  },
  {
    "pk": 944,
    "model": "edu.professor",
    "fields": {
      "pessoa_fisica": 992
    }
  },
  {
    "pk": 945,
    "model": "edu.professor",
    "fields": {
      "pessoa_fisica": 4069
    }
  },
  {
    "pk": 946,
    "model": "edu.professor",
    "fields": {
      "pessoa_fisica": 4378
    }
  },
  {
    "pk": 947,
    "model": "edu.professor",
    "fields": {
      "pessoa_fisica": 2750
    }
  },
  {
    "pk": 948,
    "model": "edu.professor",
    "fields": {
      "pessoa_fisica": 38271
    }
  },
  {
    "pk": 949,
    "model": "edu.professor",
    "fields": {
      "pessoa_fisica": 125625
    }
  },
  {
    "pk": 950,
    "model": "edu.professor",
    "fields": {
      "pessoa_fisica": 1193
    }
  },
  {
    "pk": 951,
    "model": "edu.professor",
    "fields": {
      "pessoa_fisica": 5709
    }
  },
  {
    "pk": 952,
    "model": "edu.professor",
    "fields": {
      "pessoa_fisica": 8134
    }
  },
  {
    "pk": 953,
    "model": "edu.professor",
    "fields": {
      "pessoa_fisica": 125520
    }
  },
  {
    "pk": 954,
    "model": "edu.professor",
    "fields": {
      "pessoa_fisica": 9287
    }
  },
  {
    "pk": 955,
    "model": "edu.professor",
    "fields": {
      "pessoa_fisica": 642
    }
  },
  {
    "pk": 956,
    "model": "edu.professor",
    "fields": {
      "pessoa_fisica": 1006
    }
  },
  {
    "pk": 957,
    "model": "edu.professor",
    "fields": {
      "pessoa_fisica": 127801
    }
  },
  {
    "pk": 958,
    "model": "edu.professor",
    "fields": {
      "pessoa_fisica": 110054
    }
  },
  {
    "pk": 959,
    "model": "edu.professor",
    "fields": {
      "pessoa_fisica": 6605
    }
  },
  {
    "pk": 960,
    "model": "edu.professor",
    "fields": {
      "pessoa_fisica": 400
    }
  },
  {
    "pk": 961,
    "model": "edu.professor",
    "fields": {
      "pessoa_fisica": 844
    }
  },
  {
    "pk": 962,
    "model": "edu.professor",
    "fields": {
      "pessoa_fisica": 652
    }
  },
  {
    "pk": 963,
    "model": "edu.professor",
    "fields": {
      "pessoa_fisica": 1396
    }
  },
  {
    "pk": 964,
    "model": "edu.professor",
    "fields": {
      "pessoa_fisica": 7525
    }
  },
  {
    "pk": 965,
    "model": "edu.professor",
    "fields": {
      "pessoa_fisica": 732
    }
  },
  {
    "pk": 966,
    "model": "edu.professor",
    "fields": {
      "pessoa_fisica": 1977
    }
  },
  {
    "pk": 967,
    "model": "edu.professor",
    "fields": {
      "pessoa_fisica": 4082
    }
  },
  {
    "pk": 968,
    "model": "edu.professor",
    "fields": {
      "pessoa_fisica": 109961
    }
  },
  {
    "pk": 969,
    "model": "edu.professor",
    "fields": {
      "pessoa_fisica": 7523
    }
  },
  {
    "pk": 970,
    "model": "edu.professor",
    "fields": {
      "pessoa_fisica": 4070
    }
  },
  {
    "pk": 971,
    "model": "edu.professor",
    "fields": {
      "pessoa_fisica": 128912
    }
  },
  {
    "pk": 972,
    "model": "edu.professor",
    "fields": {
      "pessoa_fisica": 1335
    }
  },
  {
    "pk": 973,
    "model": "edu.professor",
    "fields": {
      "pessoa_fisica": 682
    }
  },
  {
    "pk": 974,
    "model": "edu.professor",
    "fields": {
      "pessoa_fisica": 2
    }
  },
  {
    "pk": 975,
    "model": "edu.professor",
    "fields": {
      "pessoa_fisica": 128913
    }
  },
  {
    "pk": 976,
    "model": "edu.professor",
    "fields": {
      "pessoa_fisica": 6142
    }
  },
  {
    "pk": 977,
    "model": "edu.professor",
    "fields": {
      "pessoa_fisica": 1980
    }
  },
  {
    "pk": 978,
    "model": "edu.professor",
    "fields": {
      "pessoa_fisica": 10729
    }
  },
  {
    "pk": 979,
    "model": "edu.professor",
    "fields": {
      "pessoa_fisica": 114165
    }
  },
  {
    "pk": 980,
    "model": "edu.professor",
    "fields": {
      "pessoa_fisica": 127838
    }
  },
  {
    "pk": 981,
    "model": "edu.professor",
    "fields": {
      "pessoa_fisica": 38261
    }
  },
  {
    "pk": 982,
    "model": "edu.professor",
    "fields": {
      "pessoa_fisica": 115231
    }
  },
  {
    "pk": 983,
    "model": "edu.professor",
    "fields": {
      "pessoa_fisica": 114172
    }
  },
  {
    "pk": 984,
    "model": "edu.professor",
    "fields": {
      "pessoa_fisica": 4038
    }
  },
  {
    "pk": 985,
    "model": "edu.professor",
    "fields": {
      "pessoa_fisica": 115246
    }
  },
  {
    "pk": 986,
    "model": "edu.professor",
    "fields": {
      "pessoa_fisica": 97938
    }
  },
  {
    "pk": 987,
    "model": "edu.professor",
    "fields": {
      "pessoa_fisica": 685
    }
  },
  {
    "pk": 988,
    "model": "edu.professor",
    "fields": {
      "pessoa_fisica": 1397
    }
  },
  {
    "pk": 989,
    "model": "edu.professor",
    "fields": {
      "pessoa_fisica": 36237
    }
  },
  {
    "pk": 990,
    "model": "edu.professor",
    "fields": {
      "pessoa_fisica": 1398
    }
  },
  {
    "pk": 991,
    "model": "edu.professor",
    "fields": {
      "pessoa_fisica": 7511
    }
  },
  {
    "pk": 992,
    "model": "edu.professor",
    "fields": {
      "pessoa_fisica": 4054
    }
  },
  {
    "pk": 993,
    "model": "edu.professor",
    "fields": {
      "pessoa_fisica": 163
    }
  },
  {
    "pk": 994,
    "model": "edu.professor",
    "fields": {
      "pessoa_fisica": 10596
    }
  },
  {
    "pk": 995,
    "model": "edu.professor",
    "fields": {
      "pessoa_fisica": 110036
    }
  },
  {
    "pk": 996,
    "model": "edu.professor",
    "fields": {
      "pessoa_fisica": 9065
    }
  },
  {
    "pk": 997,
    "model": "edu.professor",
    "fields": {
      "pessoa_fisica": 4384
    }
  },
  {
    "pk": 998,
    "model": "edu.professor",
    "fields": {
      "pessoa_fisica": 7422
    }
  },
  {
    "pk": 999,
    "model": "edu.professor",
    "fields": {
      "pessoa_fisica": 7610
    }
  },
  {
    "pk": 1000,
    "model": "edu.professor",
    "fields": {
      "pessoa_fisica": 114174
    }
  },
  {
    "pk": 1001,
    "model": "edu.professor",
    "fields": {
      "pessoa_fisica": 110615
    }
  },
  {
    "pk": 1002,
    "model": "edu.professor",
    "fields": {
      "pessoa_fisica": 97584
    }
  },
  {
    "pk": 1061,
    "model": "edu.professor",
    "fields": {
      "pessoa_fisica": 1410
    }
  },
  {
    "pk": 1003,
    "model": "edu.professor",
    "fields": {
      "pessoa_fisica": 2479
    }
  },
  {
    "pk": 1004,
    "model": "edu.professor",
    "fields": {
      "pessoa_fisica": 97942
    }
  },
  {
    "pk": 1005,
    "model": "edu.professor",
    "fields": {
      "pessoa_fisica": 4251
    }
  },
  {
    "pk": 1006,
    "model": "edu.professor",
    "fields": {
      "pessoa_fisica": 7046
    }
  },
  {
    "pk": 1007,
    "model": "edu.professor",
    "fields": {
      "pessoa_fisica": 1128
    }
  },
  {
    "pk": 1008,
    "model": "edu.professor",
    "fields": {
      "pessoa_fisica": 1983
    }
  },
  {
    "pk": 1009,
    "model": "edu.professor",
    "fields": {
      "pessoa_fisica": 847
    }
  },
  {
    "pk": 1010,
    "model": "edu.professor",
    "fields": {
      "pessoa_fisica": 1263
    }
  },
  {
    "pk": 1011,
    "model": "edu.professor",
    "fields": {
      "pessoa_fisica": 7060
    }
  },
  {
    "pk": 1012,
    "model": "edu.professor",
    "fields": {
      "pessoa_fisica": 127705
    }
  },
  {
    "pk": 1013,
    "model": "edu.professor",
    "fields": {
      "pessoa_fisica": 109910
    }
  },
  {
    "pk": 1014,
    "model": "edu.professor",
    "fields": {
      "pessoa_fisica": 4204
    }
  },
  {
    "pk": 1015,
    "model": "edu.professor",
    "fields": {
      "pessoa_fisica": 715
    }
  },
  {
    "pk": 1016,
    "model": "edu.professor",
    "fields": {
      "pessoa_fisica": 845
    }
  },
  {
    "pk": 1017,
    "model": "edu.professor",
    "fields": {
      "pessoa_fisica": 1399
    }
  },
  {
    "pk": 1018,
    "model": "edu.professor",
    "fields": {
      "pessoa_fisica": 127795
    }
  },
  {
    "pk": 1019,
    "model": "edu.professor",
    "fields": {
      "pessoa_fisica": 377
    }
  },
  {
    "pk": 1020,
    "model": "edu.professor",
    "fields": {
      "pessoa_fisica": 7615
    }
  },
  {
    "pk": 1021,
    "model": "edu.professor",
    "fields": {
      "pessoa_fisica": 8706
    }
  },
  {
    "pk": 1022,
    "model": "edu.professor",
    "fields": {
      "pessoa_fisica": 127802
    }
  },
  {
    "pk": 1023,
    "model": "edu.professor",
    "fields": {
      "pessoa_fisica": 110140
    }
  },
  {
    "pk": 1024,
    "model": "edu.professor",
    "fields": {
      "pessoa_fisica": 1984
    }
  },
  {
    "pk": 1025,
    "model": "edu.professor",
    "fields": {
      "pessoa_fisica": 9056
    }
  },
  {
    "pk": 1026,
    "model": "edu.professor",
    "fields": {
      "pessoa_fisica": 6612
    }
  },
  {
    "pk": 1027,
    "model": "edu.professor",
    "fields": {
      "pessoa_fisica": 128695
    }
  },
  {
    "pk": 1028,
    "model": "edu.professor",
    "fields": {
      "pessoa_fisica": 7805
    }
  },
  {
    "pk": 1029,
    "model": "edu.professor",
    "fields": {
      "pessoa_fisica": 1170
    }
  },
  {
    "pk": 1030,
    "model": "edu.professor",
    "fields": {
      "pessoa_fisica": 1055
    }
  },
  {
    "pk": 1031,
    "model": "edu.professor",
    "fields": {
      "pessoa_fisica": 4230
    }
  },
  {
    "pk": 1032,
    "model": "edu.professor",
    "fields": {
      "pessoa_fisica": 7032
    }
  },
  {
    "pk": 1033,
    "model": "edu.professor",
    "fields": {
      "pessoa_fisica": 115250
    }
  },
  {
    "pk": 1034,
    "model": "edu.professor",
    "fields": {
      "pessoa_fisica": 480
    }
  },
  {
    "pk": 1035,
    "model": "edu.professor",
    "fields": {
      "pessoa_fisica": 38488
    }
  },
  {
    "pk": 1063,
    "model": "edu.professor",
    "fields": {
      "pessoa_fisica": 24203
    }
  },
  {
    "pk": 1036,
    "model": "edu.professor",
    "fields": {
      "pessoa_fisica": 114180
    }
  },
  {
    "pk": 1037,
    "model": "edu.professor",
    "fields": {
      "pessoa_fisica": 7250
    }
  },
  {
    "pk": 1038,
    "model": "edu.professor",
    "fields": {
      "pessoa_fisica": 8567
    }
  },
  {
    "pk": 1039,
    "model": "edu.professor",
    "fields": {
      "pessoa_fisica": 4073
    }
  },
  {
    "pk": 1040,
    "model": "edu.professor",
    "fields": {
      "pessoa_fisica": 6692
    }
  },
  {
    "pk": 1041,
    "model": "edu.professor",
    "fields": {
      "pessoa_fisica": 707
    }
  },
  {
    "pk": 1042,
    "model": "edu.professor",
    "fields": {
      "pessoa_fisica": 770
    }
  },
  {
    "pk": 1043,
    "model": "edu.professor",
    "fields": {
      "pessoa_fisica": 807
    }
  },
  {
    "pk": 1044,
    "model": "edu.professor",
    "fields": {
      "pessoa_fisica": 4415
    }
  },
  {
    "pk": 1045,
    "model": "edu.professor",
    "fields": {
      "pessoa_fisica": 157
    }
  },
  {
    "pk": 1046,
    "model": "edu.professor",
    "fields": {
      "pessoa_fisica": 7529
    }
  },
  {
    "pk": 1047,
    "model": "edu.professor",
    "fields": {
      "pessoa_fisica": 1987
    }
  },
  {
    "pk": 1048,
    "model": "edu.professor",
    "fields": {
      "pessoa_fisica": 109840
    }
  },
  {
    "pk": 1062,
    "model": "edu.professor",
    "fields": {
      "pessoa_fisica": 125053
    }
  },
  {
    "pk": 1049,
    "model": "edu.professor",
    "fields": {
      "pessoa_fisica": 201
    }
  },
  {
    "pk": 1050,
    "model": "edu.professor",
    "fields": {
      "pessoa_fisica": 829
    }
  },
  {
    "pk": 1051,
    "model": "edu.professor",
    "fields": {
      "pessoa_fisica": 114159
    }
  },
  {
    "pk": 1052,
    "model": "edu.professor",
    "fields": {
      "pessoa_fisica": 128661
    }
  },
  {
    "pk": 1053,
    "model": "edu.professor",
    "fields": {
      "pessoa_fisica": 1296
    }
  },
  {
    "pk": 1054,
    "model": "edu.professor",
    "fields": {
      "pessoa_fisica": 2478
    }
  },
  {
    "pk": 1055,
    "model": "edu.professor",
    "fields": {
      "pessoa_fisica": 512
    }
  },
  {
    "pk": 1056,
    "model": "edu.professor",
    "fields": {
      "pessoa_fisica": 525
    }
  },
  {
    "pk": 1057,
    "model": "edu.professor",
    "fields": {
      "pessoa_fisica": 4217
    }
  },
  {
    "pk": 1058,
    "model": "edu.professor",
    "fields": {
      "pessoa_fisica": 7716
    }
  },
  {
    "pk": 1059,
    "model": "edu.professor",
    "fields": {
      "pessoa_fisica": 7043
    }
  },
  {
    "pk": 1,
    "model": "edu.tipoprofessordiario",
    "fields": {
      "descricao": "Professor Principal"
    }
  },
  {
    "pk": 3,
    "model": "edu.tipoprofessordiario",
    "fields": {
      "descricao": "Tutor"
    }
  },
  {
    "pk": 2,
    "model": "edu.tipoprofessordiario",
    "fields": {
      "descricao": "Professor Formador"
    }
  },
  {
    "pk": 18,
    "model": "edu.professordiario",
    "fields": {
      "diario": 134,
      "professor": 42,
      "tipo": 1,
      "acesso_total": true
    }
  },
  {
    "pk": 19,
    "model": "edu.professordiario",
    "fields": {
      "diario": 134,
      "professor": 548,
      "tipo": 1,
      "acesso_total": true
    }
  },
  {
    "pk": 20,
    "model": "edu.professordiario",
    "fields": {
      "diario": 134,
      "professor": 15,
      "tipo": 2,
      "acesso_total": true
    }
  },
  {
    "pk": 21,
    "model": "edu.professordiario",
    "fields": {
      "diario": 154,
      "professor": 3,
      "tipo": 1,
      "acesso_total": true
    }
  },
  {
    "pk": 5,
    "model": "edu.aluno",
    "fields": {
      "periodo_letivo": 1,
      "tipo_sanguineo": "x",
      "data_emissao_certidao": "2013-05-01",
      "nacionalidade": "x",
      "curso_campus": 3,
      "livro_certidao": "x",
      "email_institucional": "x",
      "data_emissao_rg": "2013-05-01",
      "matricula_certidao": "x",
      "matricula": "201311581550007",
      "uf_emissao_rg": "AC",
      "nivel_ensino": 1,
      "data_matricula": "2013-05-03 14:35:02",
      "complemento": "x",
      "folha_certidao": "x",
      "ano_letivo": 5,
      "estado_emissao_carteira_reservista": "CE",
      "telefone_principal": "x",
      "numero_certidao": "x",
      "serie_carteira_reservista": "x",
      "numero_carteira_reservista": "x",
      "data_conclusao_intercambio": null,
      "email_pessoal": "x",
      "pessoa_fisica": 35064,
      "turno": 2,
      "cartorio_certidao": "x",
      "foto": "alunos/5.jpg",
      "situacao": 1,
      "secao": "x",
      "regiao_carteira_reservista": "x",
      "bairro": "x",
      "data_conclusao": "2013-05-01",
      "logradouro": "x",
      "tipo_certidao": "x",
      "numero": "x",
      "profissao": "x",
      "zona_titulo_eleitor": "x",
      "uf_emissao_certidao": "AC",
      "cep": "x",
      "orgao_emissao_rg": "x",
      "numero_titulo_eleitor": "x",
      "numero_rg": "x",
      "estado": "AM",
      "ano_carteira_reservista": 1999,
      "data_emissao_titulo_eleitor": "2013-05-01",
      "uf_emissao_titulo_eleitor": "AC",
      "naturalidade": "x",
      "cidade": "x",
      "ira": 0.00,
      "telefone_secundario": "x",
      "instituicao": "x",
      "forma_ingresso": 1,
      "estado_civil": "Solteiro"
    }
  },
  {
    "pk": 2,
    "model": "edu.aluno",
    "fields": {
      "periodo_letivo": 1,
      "tipo_sanguineo": "y",
      "data_emissao_certidao": "2013-04-12",
      "nacionalidade": "y",
      "curso_campus": 3,
      "livro_certidao": "y",
      "email_institucional": "y",
      "data_emissao_rg": "2013-04-19",
      "matricula_certidao": "y",
      "matricula": "201311581550004",
      "uf_emissao_rg": "AC",
      "nivel_ensino": 1,
      "data_matricula": "2013-04-12 16:47:57",
      "complemento": "y",
      "folha_certidao": "y",
      "ano_letivo": 5,
      "estado_emissao_carteira_reservista": "y",
      "telefone_principal": "y",
      "numero_certidao": "y",
      "serie_carteira_reservista": "y",
      "numero_carteira_reservista": "y",
      "data_conclusao_intercambio": null,
      "email_pessoal": "y",
      "pessoa_fisica": 1410,
      "turno": 1,
      "cartorio_certidao": "y",
      "foto": "alunos/2.jpg",
      "situacao": 1,
      "secao": "y",
      "regiao_carteira_reservista": "y",
      "bairro": "y",
      "data_conclusao": "2013-04-12",
      "logradouro": "y",
      "tipo_certidao": "y",
      "numero": "y",
      "profissao": "y",
      "zona_titulo_eleitor": "y",
      "uf_emissao_certidao": "AC",
      "cep": "y",
      "orgao_emissao_rg": "y",
      "numero_titulo_eleitor": "y",
      "numero_rg": "y",
      "estado": "AC",
      "ano_carteira_reservista": 1,
      "data_emissao_titulo_eleitor": "2013-04-11",
      "uf_emissao_titulo_eleitor": "AC",
      "naturalidade": "y",
      "cidade": "y",
      "ira": 1.25,
      "telefone_secundario": "y",
      "instituicao": "y",
      "forma_ingresso": 1,
      "estado_civil": "y"
    }
  },
  {
    "pk": 1,
    "model": "edu.aluno",
    "fields": {
      "periodo_letivo": 1,
      "tipo_sanguineo": "x",
      "data_emissao_certidao": "2013-04-12",
      "nacionalidade": "x",
      "curso_campus": 3,
      "livro_certidao": "x",
      "email_institucional": "x",
      "data_emissao_rg": "2013-04-12",
      "matricula_certidao": "x",
      "matricula": "201311581550003",
      "uf_emissao_rg": "AC",
      "nivel_ensino": 1,
      "data_matricula": "2013-04-12 16:32:03",
      "complemento": "x",
      "folha_certidao": "x",
      "ano_letivo": 5,
      "estado_emissao_carteira_reservista": "x",
      "telefone_principal": "x",
      "numero_certidao": "x",
      "serie_carteira_reservista": "x",
      "numero_carteira_reservista": "x",
      "data_conclusao_intercambio": "2013-04-12",
      "email_pessoal": "x",
      "pessoa_fisica": 47720,
      "turno": 1,
      "cartorio_certidao": "x",
      "foto": "alunos/1.jpg",
      "situacao": 1,
      "secao": "x",
      "regiao_carteira_reservista": "x",
      "bairro": "x",
      "data_conclusao": "2013-04-13",
      "logradouro": "x",
      "tipo_certidao": "x",
      "numero": "x",
      "profissao": "x",
      "zona_titulo_eleitor": "x",
      "uf_emissao_certidao": "AC",
      "cep": "x",
      "orgao_emissao_rg": "x",
      "numero_titulo_eleitor": "x",
      "numero_rg": "x",
      "estado": "AC",
      "ano_carteira_reservista": 1,
      "data_emissao_titulo_eleitor": "2013-04-05",
      "uf_emissao_titulo_eleitor": "AC",
      "naturalidade": "x",
      "cidade": "x",
      "ira": 1.88,
      "telefone_secundario": "x",
      "instituicao": "x",
      "forma_ingresso": 1,
      "estado_civil": "x"
    }
  },
  {
    "pk": 3,
    "model": "edu.aluno",
    "fields": {
      "periodo_letivo": 1,
      "tipo_sanguineo": "z",
      "data_emissao_certidao": "2013-04-12",
      "nacionalidade": "z",
      "curso_campus": 3,
      "livro_certidao": "z",
      "email_institucional": "z",
      "data_emissao_rg": "2013-04-12",
      "matricula_certidao": "z",
      "matricula": "201311581550005",
      "uf_emissao_rg": "AC",
      "nivel_ensino": 4,
      "data_matricula": "2013-04-12 18:07:19",
      "complemento": "z",
      "folha_certidao": "z",
      "ano_letivo": 5,
      "estado_emissao_carteira_reservista": "RN",
      "telefone_principal": "z",
      "numero_certidao": "z",
      "serie_carteira_reservista": "z",
      "numero_carteira_reservista": "z",
      "data_conclusao_intercambio": null,
      "email_pessoal": "z",
      "pessoa_fisica": 1145,
      "turno": 1,
      "cartorio_certidao": "z",
      "foto": "alunos/3.jpg",
      "situacao": 1,
      "secao": "z",
      "regiao_carteira_reservista": "z",
      "bairro": "z",
      "data_conclusao": "2013-04-12",
      "logradouro": "z",
      "tipo_certidao": "z",
      "numero": "z",
      "profissao": "z",
      "zona_titulo_eleitor": "z",
      "uf_emissao_certidao": "AC",
      "cep": "z",
      "orgao_emissao_rg": "z",
      "numero_titulo_eleitor": "z",
      "numero_rg": "z",
      "estado": "AC",
      "ano_carteira_reservista": 2002,
      "data_emissao_titulo_eleitor": "2013-04-19",
      "uf_emissao_titulo_eleitor": "AC",
      "naturalidade": "z",
      "cidade": "z",
      "ira": 7.50,
      "telefone_secundario": "z",
      "instituicao": "z",
      "forma_ingresso": 1,
      "estado_civil": "Solteiro"
    }
  },
  {
    "pk": 4,
    "model": "edu.aluno",
    "fields": {
      "periodo_letivo": 1,
      "tipo_sanguineo": "x",
      "data_emissao_certidao": "2013-04-18",
      "nacionalidade": "x",
      "curso_campus": 3,
      "livro_certidao": "x",
      "email_institucional": "x",
      "data_emissao_rg": "2013-04-18",
      "matricula_certidao": "x",
      "matricula": "201311581550006",
      "uf_emissao_rg": "AC",
      "nivel_ensino": 1,
      "data_matricula": "2013-04-18 14:05:04",
      "complemento": "x",
      "folha_certidao": "x",
      "ano_letivo": 5,
      "estado_emissao_carteira_reservista": "x",
      "telefone_principal": "x",
      "numero_certidao": "x",
      "serie_carteira_reservista": "x",
      "numero_carteira_reservista": "x",
      "data_conclusao_intercambio": null,
      "email_pessoal": "x",
      "pessoa_fisica": 128299,
      "turno": 1,
      "cartorio_certidao": "x",
      "foto": "alunos/4.jpg",
      "situacao": 1,
      "secao": "x",
      "regiao_carteira_reservista": "x",
      "bairro": "x",
      "data_conclusao": "2013-04-18",
      "logradouro": "x",
      "tipo_certidao": "x",
      "numero": "x",
      "profissao": "x",
      "zona_titulo_eleitor": "x",
      "uf_emissao_certidao": "AC",
      "cep": "x",
      "orgao_emissao_rg": "x",
      "numero_titulo_eleitor": "x",
      "numero_rg": "x",
      "estado": "AC",
      "ano_carteira_reservista": 2012,
      "data_emissao_titulo_eleitor": "2013-04-18",
      "uf_emissao_titulo_eleitor": "AC",
      "naturalidade": "x",
      "cidade": "x",
      "ira": 9.00,
      "telefone_secundario": "x",
      "instituicao": "x",
      "forma_ingresso": 1,
      "estado_civil": "Solteiro"
    }
  },
  {
    "pk": 1,
    "model": "edu.matriculaperiodo",
    "fields": {
      "periodo_letivo": 1,
      "turma": 83,
      "ano_letivo": 5,
      "periodo_matriz": 1,
      "aluno": 1,
      "situacao": 1
    }
  },
  {
    "pk": 2,
    "model": "edu.matriculaperiodo",
    "fields": {
      "periodo_letivo": 1,
      "turma": 83,
      "ano_letivo": 5,
      "periodo_matriz": 1,
      "aluno": 2,
      "situacao": 1
    }
  },
  {
    "pk": 5,
    "model": "edu.matriculaperiodo",
    "fields": {
      "periodo_letivo": 1,
      "turma": 83,
      "ano_letivo": 5,
      "periodo_matriz": 1,
      "aluno": 5,
      "situacao": 1
    }
  },
  {
    "pk": 3,
    "model": "edu.matriculaperiodo",
    "fields": {
      "periodo_letivo": 1,
      "turma": 83,
      "ano_letivo": 5,
      "periodo_matriz": 1,
      "aluno": 3,
      "situacao": 1
    }
  },
  {
    "pk": 4,
    "model": "edu.matriculaperiodo",
    "fields": {
      "periodo_letivo": 1,
      "turma": 15,
      "ano_letivo": 5,
      "periodo_matriz": 1,
      "aluno": 4,
      "situacao": 1
    }
  },
  {
    "pk": 10,
    "model": "edu.matriculadiario",
    "fields": {
      "situacao": 1,
      "diario": 134,
      "nota_final": 0.00,
      "matricula_periodo": 5,
      "nota_3": null,
      "nota_2": null,
      "nota_1": null,
      "nota_4": null
    }
  },
  {
    "pk": 5,
    "model": "edu.matriculadiario",
    "fields": {
      "situacao": 1,
      "diario": 134,
      "nota_final": null,
      "matricula_periodo": 3,
      "nota_3": 9.00,
      "nota_2": 7.00,
      "nota_1": 8.00,
      "nota_4": 6.00
    }
  },
  {
    "pk": 1,
    "model": "edu.matriculadiario",
    "fields": {
      "situacao": 3,
      "diario": 134,
      "nota_final": null,
      "matricula_periodo": 1,
      "nota_3": 1.00,
      "nota_2": 4.50,
      "nota_1": 2.00,
      "nota_4": 0.00
    }
  },
  {
    "pk": 9,
    "model": "edu.matriculadiario",
    "fields": {
      "situacao": 1,
      "diario": 154,
      "nota_final": null,
      "matricula_periodo": 1,
      "nota_3": null,
      "nota_2": 8.00,
      "nota_1": null,
      "nota_4": null
    }
  },
  {
    "pk": 3,
    "model": "edu.matriculadiario",
    "fields": {
      "situacao": 1,
      "diario": 134,
      "nota_final": null,
      "matricula_periodo": 2,
      "nota_3": null,
      "nota_2": null,
      "nota_1": 5.00,
      "nota_4": null
    }
  },
  {
    "pk": 7,
    "model": "edu.matriculadiario",
    "fields": {
      "situacao": 1,
      "diario": 154,
      "nota_final": 9.00,
      "matricula_periodo": 4,
      "nota_3": null,
      "nota_2": 2.00,
      "nota_1": 7.00,
      "nota_4": null
    }
  },
  {
    "pk": 2,
    "model": "edu.aula",
    "fields": {
      "conteudo": "Apresenta\u00e7\u00e3o da ementa.",
      "quantidade": 1,
      "professor_diario": 19,
      "etapa": 1,
      "data": "2013-04-02"
    }
  },
  {
    "pk": 3,
    "model": "edu.aula",
    "fields": {
      "conteudo": "Aula 02",
      "quantidade": 1,
      "professor_diario": 18,
      "etapa": 1,
      "data": "2013-04-16"
    }
  },
  {
    "pk": 5,
    "model": "edu.aula",
    "fields": {
      "conteudo": "Aula 03",
      "quantidade": 1,
      "professor_diario": 18,
      "etapa": 1,
      "data": "2013-04-18"
    }
  },
  {
    "pk": 11,
    "model": "edu.aula",
    "fields": {
      "conteudo": "Aula 01",
      "quantidade": 1,
      "professor_diario": 21,
      "etapa": 1,
      "data": "2013-04-18"
    }
  },
  {
    "pk": 4,
    "model": "edu.aula",
    "fields": {
      "conteudo": "Aula 02",
      "quantidade": 1,
      "professor_diario": 18,
      "etapa": 1,
      "data": "2013-04-18"
    }
  },
  {
    "pk": 6,
    "model": "edu.aula",
    "fields": {
      "conteudo": "Aula 04",
      "quantidade": 1,
      "professor_diario": 18,
      "etapa": 1,
      "data": "2013-04-19"
    }
  },
  {
    "pk": 10,
    "model": "edu.aula",
    "fields": {
      "conteudo": "Aula 04",
      "quantidade": 1,
      "professor_diario": 18,
      "etapa": 2,
      "data": "2013-04-01"
    }
  },
  {
    "pk": 8,
    "model": "edu.aula",
    "fields": {
      "conteudo": "Aula 12",
      "quantidade": 1,
      "professor_diario": 18,
      "etapa": 2,
      "data": "2013-04-18"
    }
  },
  {
    "pk": 13,
    "model": "edu.aula",
    "fields": {
      "conteudo": "Aul\u00e3o",
      "quantidade": 9,
      "professor_diario": 21,
      "etapa": 2,
      "data": "2013-04-29"
    }
  },
  {
    "pk": 9,
    "model": "edu.aula",
    "fields": {
      "conteudo": "Aula 200.",
      "quantidade": 1,
      "professor_diario": 18,
      "etapa": 4,
      "data": "2013-04-17"
    }
  },
  {
    "pk": 7,
    "model": "edu.aula",
    "fields": {
      "conteudo": "Aula 18.",
      "quantidade": 1,
      "professor_diario": 18,
      "etapa": 4,
      "data": "2013-04-23"
    }
  },
  {
    "pk": 59,
    "model": "edu.falta",
    "fields": {
      "matricula_diario": 7,
      "quantidade": 1,
      "aula": 13
    }
  },
  {
    "pk": 57,
    "model": "edu.falta",
    "fields": {
      "matricula_diario": 1,
      "quantidade": 1,
      "aula": 2
    }
  },
  {
    "pk": 2,
    "model": "edu.sequencialmatricula",
    "fields": {
      "contador": 9,
      "prefixo": "20131158155"
    }
  }
]